returns,subset,n_firms,mean_emb_corr,mean_gics_corr,mean_diff,ci95_lo,ci95_hi,p_signflip,p_display,share_firms_diff_gt_0
raw,all firms,493,0.3350753870987361,0.27529023685449966,0.059785150244236356,0.05028485949677206,0.06946603559359006,9.999000099990002e-05,p < 1/10001,0.7200811359026369
raw,firms with >=1 cross-sector embedding peer,405,0.306200851931643,0.26412843149669607,0.042072420434946946,0.032294974737847246,0.05195814040922138,9.999000099990002e-05,p < 1/10001,0.6790123456790124
raw,firms with all embedding peers in-sector,88,0.46796387281092555,0.3266599092398459,0.14130396357107966,0.12015559979601878,0.16214434352689422,9.999000099990002e-05,p < 1/10001,0.9090909090909091
raw,mismatch candidates (cross-rate >= 0.6),98,0.22551285586728886,0.23260341792987727,-0.007090562062588415,-0.02712017371041221,0.013894800678476166,0.49225077492250774,0.4923,0.42857142857142855
raw,mismatch candidates (cross-rate >= 0.7),83,0.2243613074920201,0.23805645621821575,-0.013695148726195653,-0.03593210421213476,0.009766024955765213,0.24517548245175483,0.2452,0.3855421686746988
raw,mismatch candidates (cross-rate >= 0.8),57,0.22194805841020057,0.2378123279568633,-0.015864269546662764,-0.04122773791696404,0.009344224810340784,0.23257674232576742,0.2326,0.38596491228070173
raw,mismatch candidates (cross-rate >= 0.9),27,0.20955671986759156,0.2340647469442533,-0.024508027076661703,-0.05315094371384208,0.004714602877317638,0.11538846115388461,0.1154,0.37037037037037035
market_residual,all firms,493,0.2305513187682948,0.16044919513938863,0.07010212362890617,0.05983478381730829,0.0804194181765951,9.999000099990002e-05,p < 1/10001,0.7464503042596349
market_residual,firms with >=1 cross-sector embedding peer,405,0.19881705203358468,0.1464371242972253,0.052379927736359376,0.04155953747095803,0.06334678405616696,9.999000099990002e-05,p < 1/10001,0.7111111111111111
market_residual,firms with all embedding peers in-sector,88,0.37660106908144947,0.22493656662889042,0.15166450245255897,0.12844135059538755,0.17471785810278276,9.999000099990002e-05,p < 1/10001,0.9090909090909091
market_residual,mismatch candidates (cross-rate >= 0.6),98,0.10668113968080808,0.09764123682265807,0.009039902858150019,-0.013537650128312062,0.0327451243814397,0.44635536446355367,0.4464,0.5306122448979592
market_residual,mismatch candidates (cross-rate >= 0.7),83,0.10146090821936901,0.09655855598498427,0.004902352234384775,-0.020558559376371424,0.032432709694389716,0.7222277772222778,0.7222,0.4939759036144578
market_residual,mismatch candidates (cross-rate >= 0.8),57,0.09882664367143629,0.0939510169058852,0.004875626765551116,-0.02392636838552853,0.03408853125721638,0.7538246175382461,0.7538,0.49122807017543857
market_residual,mismatch candidates (cross-rate >= 0.9),27,0.07228988601948198,0.08203276813906567,-0.009742882119583674,-0.0372641185886436,0.01823253211440817,0.5071492850714928,0.5071,0.4074074074074074
