ticker,sector,n_emb_peers,n_sector_peers,emb_corr,gics_corr,any_cross_peer,diff,returns
MMM,Industrials,10,78,0.30152870623694217,0.28577487714282357,True,0.0157538290941186,raw
AOS,Industrials,10,78,0.3498826465146522,0.3747013681763068,True,-0.024818721661654608,raw
ABT,Health Care,10,58,0.22160138193794632,0.21917599808484953,False,0.002425383853096791,raw
ABBV,Health Care,10,58,0.3755934990909181,0.1941797899557101,False,0.181413709135208,raw
ACN,Information Technology,10,70,0.37449778993508176,0.14328171291383265,True,0.2312160770212491,raw
ADBE,Information Technology,9,70,0.3915916852287447,0.15511081229899254,True,0.23648087292975217,raw
AMD,Information Technology,10,70,0.39487015272303383,0.21906999311194916,True,0.17580015961108467,raw
AES,Utilities,10,30,0.12888729387399284,0.11212097205049668,True,0.01676632182349616,raw
AFL,Financials,10,74,0.36133012189466507,0.27784815633798915,True,0.08348196555667592,raw
A,Health Care,10,58,0.473359208135264,0.2893016771075912,True,0.1840575310276728,raw
APD,Materials,10,25,0.20925540123445688,0.22454087858238359,True,-0.015285477347926707,raw
ABNB,Consumer Discretionary,10,47,0.3139569950281214,0.29586155246117674,True,0.018095442566944675,raw
AKAM,Information Technology,10,70,0.16473505296062585,0.1570286130650311,False,0.007706439895594747,raw
ALB,Materials,10,25,0.1111721331385123,0.19207754924378126,True,-0.08090541610526895,raw
ARE,Real Estate,8,28,0.3196532352088243,0.32839194957889867,True,-0.00873871437007434,raw
ALGN,Health Care,10,58,0.2742319541731672,0.2578284980237888,True,0.01640345614937838,raw
ALLE,Industrials,10,78,0.31201178408973346,0.3181215927664825,True,-0.00610980867674904,raw
LNT,Utilities,10,30,0.537816656463643,0.633945002052705,True,-0.09612834558906203,raw
ALL,Financials,10,74,0.47144980056038416,0.2263629630371786,True,0.24508683752320556,raw
GOOGL,Communication Services,10,17,0.17656973366573023,0.046152824486161176,True,0.13041690917956905,raw
MO,Consumer Staples,10,35,0.2164250338768045,0.22272288438307006,True,-0.006297850506265551,raw
AMZN,Consumer Discretionary,10,47,0.16573665098292298,0.1842602200844845,True,-0.018523569101561527,raw
AMCR,Materials,10,25,0.35428574159295667,0.3580477642032779,True,-0.003762022610321214,raw
AEE,Utilities,10,30,0.750882814445738,0.6322680169302198,False,0.11861479751551818,raw
AEP,Utilities,10,30,0.5347499461304259,0.541564883832845,False,-0.006814937702419033,raw
AXP,Financials,10,74,0.33471432885513563,0.3934531349062638,True,-0.05873880605112819,raw
AIG,Financials,10,74,0.37971589719294613,0.24340145177438693,True,0.1363144454185592,raw
AMT,Real Estate,10,28,0.22435255043111407,0.32071801978167125,True,-0.09636546935055718,raw
AWK,Utilities,10,30,0.08700741950819324,0.3727327706589564,True,-0.28572535115076314,raw
AMP,Financials,10,74,0.5451968194595639,0.38824837491956676,False,0.15694844453999712,raw
AME,Industrials,10,78,0.4200482141829317,0.3809368362235093,True,0.03911137795942238,raw
AMGN,Health Care,10,58,0.49045087338547455,0.2686696323157902,False,0.22178124106968433,raw
APH,Information Technology,10,70,0.29560227792159693,0.18336403430165063,True,0.1122382436199463,raw
ADI,Information Technology,10,70,0.5199304910646068,0.22631894881551357,True,0.2936115422490932,raw
AON,Financials,10,74,0.3852853667455915,0.25004322474604146,True,0.13524214199955004,raw
APA,Energy,10,20,0.43320983154625353,0.5356573784894368,True,-0.10244754694318331,raw
APO,Financials,10,74,0.55675527799105,0.3158177093178527,True,0.24093756867319727,raw
AAPL,Information Technology,9,70,0.20779723219185287,0.14343652921946934,True,0.06436070297238353,raw
AMAT,Information Technology,9,70,0.39463960005938536,0.2485682881106722,True,0.14607131194871317,raw
APP,Information Technology,9,70,0.21004499344341332,0.17396904390949228,True,0.03607594953392104,raw
APTV,Consumer Discretionary,10,47,0.23213130663035098,0.28033691161170887,True,-0.0482056049813579,raw
ACGL,Financials,10,74,0.4381150255742104,0.21125325538733392,False,0.22686177018687648,raw
ADM,Consumer Staples,10,35,0.18663733217066922,0.13132904253377606,True,0.05530828963689316,raw
ARES,Financials,10,74,0.5799600855916645,0.29737482765553475,False,0.2825852579361297,raw
ANET,Information Technology,10,70,0.21187058059529096,0.22702881362845212,True,-0.015158233033161161,raw
AJG,Financials,10,74,0.4630170877482084,0.2554951720622976,True,0.20752191568591077,raw
AIZ,Financials,9,74,0.2905669906802727,0.2816197181003653,True,0.008947272579907406,raw
T,Communication Services,9,17,0.14897116608842748,0.09068130079788149,True,0.058289865290545986,raw
ATO,Utilities,10,30,0.30187034480527497,0.5469147212306109,True,-0.24504437642533594,raw
ADSK,Information Technology,10,70,0.2762333024026019,0.17407664140423743,True,0.10215666099836448,raw
ADP,Industrials,10,78,0.49704900811544184,0.05167860505435035,True,0.4453704030610915,raw
AZO,Consumer Discretionary,10,47,0.1920782293850301,0.1652364596999433,True,0.026841769685086808,raw
AVY,Materials,10,25,0.3390860377000714,0.3589870182756409,True,-0.019900980575569494,raw
AXON,Industrials,10,78,0.15515349485172225,0.07270716086197404,True,0.08244633398974821,raw
BKR,Energy,10,20,0.32466410878583185,0.3500057739980655,True,-0.025341665212233633,raw
BALL,Materials,10,25,0.2661121278708586,0.29617091728340933,True,-0.030058789412550746,raw
BAC,Financials,10,74,0.5613918994866631,0.38086607643050774,True,0.1805258230561554,raw
BAX,Health Care,10,58,0.2914243869517905,0.2838098805643283,False,0.007614506387462194,raw
BDX,Health Care,10,58,0.33722887961093123,0.31063463148521236,False,0.026594248125718867,raw
BRK.B,Financials,10,74,0.1229908970502106,0.21336278823405808,True,-0.09037189118384747,raw
BBY,Consumer Discretionary,10,47,0.1979783034777262,0.25408159928117247,True,-0.05610329580344628,raw
TECH,Health Care,10,58,0.4003701925468929,0.2636707384189713,False,0.13669945412792156,raw
BIIB,Health Care,10,58,0.4061132286973603,0.2057163628319693,False,0.20039686586539096,raw
BLK,Financials,10,74,0.5886150713129864,0.36037747112321605,False,0.22823760018977035,raw
BX,Financials,10,74,0.5580027201269002,0.33582285054690675,False,0.22217986957999347,raw
XYZ,Financials,10,74,0.3116775703670255,0.21777690865623975,True,0.09390066171078573,raw
BNY,Financials,10,74,0.5379621220484083,0.31571543875209657,False,0.22224668329631175,raw
BA,Industrials,10,78,0.26069147683546273,0.202376171706264,True,0.05831530512919872,raw
BKNG,Consumer Discretionary,10,47,0.30904608759859253,0.2612364538949279,True,0.047809633703664645,raw
BSX,Health Care,10,58,0.1328696479670861,0.10443224569392938,True,0.028437402273156734,raw
BMY,Health Care,10,58,0.4473028645014255,0.2631298586598264,False,0.18417300584159907,raw
AVGO,Information Technology,10,70,0.2146685240589003,0.24546239745054507,True,-0.03079387339164477,raw
BR,Industrials,10,78,0.1553505444424154,0.059330684535895524,True,0.09601985990651987,raw
BRO,Financials,10,74,0.3599780709731961,0.22833400654165156,True,0.13164406443154456,raw
BF.B,Consumer Staples,10,35,0.2917068905835861,0.25829906417401227,True,0.03340782640957385,raw
BLDR,Industrials,10,78,0.48361588334977884,0.3363824413227833,True,0.14723344202699556,raw
BG,Consumer Staples,10,35,0.21479415463449286,0.13284202258860123,True,0.08195213204589163,raw
BXP,Real Estate,8,28,0.39637650298090243,0.36445728670124067,True,0.031919216279661766,raw
CHRW,Industrials,10,78,0.17956883545811966,0.19854148618378128,True,-0.01897265072566162,raw
CDNS,Information Technology,10,70,0.30295869976653667,0.30421695423883055,False,-0.0012582544722938849,raw
CPT,Real Estate,8,28,0.5591359669771563,0.45649210757812503,False,0.10264385939903126,raw
CPB,Consumer Staples,10,35,0.4520750748851682,0.31075328379374667,True,0.1413217910914215,raw
COF,Financials,10,74,0.6132908257715608,0.38915057228900757,False,0.22414025348255323,raw
CAH,Health Care,10,58,0.16821887046658057,0.09269076394168495,False,0.07552810652489562,raw
CCL,Consumer Discretionary,10,47,0.4370827165322437,0.36012304643914145,True,0.07695967009310223,raw
CARR,Industrials,10,78,0.265528396063623,0.3436664876388394,True,-0.0781380915752164,raw
CVNA,Consumer Discretionary,10,47,0.15926907520658515,0.19859726288465543,True,-0.03932818767807028,raw
CASY,Consumer Staples,10,35,0.11007009977099928,0.13075564623246608,True,-0.020685546461466794,raw
CAT,Industrials,10,78,0.2317188871693435,0.3144900072048672,True,-0.0827711200355237,raw
CBOE,Financials,10,74,0.07910009627754494,0.004403971314164677,True,0.07469612496338027,raw
CBRE,Real Estate,10,28,0.3671027318393833,0.30005114774041824,True,0.06705158409896506,raw
CDW,Information Technology,10,70,0.23147961536977513,0.1886959936124006,True,0.04278362175737452,raw
COR,Health Care,10,58,0.13253178457417425,0.11572102151154723,False,0.01681076306262702,raw
CNC,Health Care,10,58,0.2887838626758538,0.11654141013589034,True,0.17224245253996348,raw
CNP,Utilities,10,30,0.6985502737692847,0.5979515166431985,True,0.10059875712608624,raw
CF,Materials,10,25,0.06154143638046328,0.0005103199852409046,True,0.06103111639522237,raw
CRL,Health Care,10,58,0.43000760537060173,0.27120633266619615,False,0.15880127270440558,raw
SCHW,Financials,10,74,0.4139449405774805,0.29554774640273296,True,0.11839719417474753,raw
CHTR,Communication Services,9,17,0.22629480219455647,0.17246233026527896,True,0.05383247192927751,raw
CVX,Energy,10,20,0.29499267364100323,0.5378611444323059,True,-0.2428684707913027,raw
CMG,Consumer Discretionary,10,47,0.17460055611174669,0.25839518304304154,True,-0.08379462693129486,raw
CB,Financials,10,74,0.5353256061861851,0.2118038065107574,False,0.3235217996754277,raw
CHD,Consumer Staples,10,35,0.4017204163786359,0.3250883466671466,True,0.07663206971148934,raw
CIEN,Information Technology,10,70,0.16189875098808532,0.2034262556819316,True,-0.04152750469384628,raw
CI,Health Care,10,58,0.256096544152922,0.19980348338328913,True,0.05629306076963286,raw
CINF,Financials,10,74,0.4959407295768533,0.32251182697235486,True,0.17342890260449845,raw
CTAS,Industrials,10,78,0.24176042772552614,0.22941231706052392,True,0.012348110665002215,raw
CSCO,Information Technology,10,70,0.15426962416093284,0.1999523917429552,True,-0.04568276758202236,raw
C,Financials,10,74,0.6052674978779132,0.3515818043632864,False,0.25368569351462683,raw
CFG,Financials,10,74,0.7490456072223612,0.40028014250197097,False,0.3487654647203903,raw
CLX,Consumer Staples,10,35,0.42097971023601344,0.3247658828946622,True,0.09621382734135125,raw
CME,Financials,10,74,0.08349413951137159,0.05699585146853357,True,0.02649828804283802,raw
CMS,Utilities,10,30,0.6881964184274333,0.6232675049545873,False,0.06492891347284602,raw
KO,Consumer Staples,10,35,0.42475247397560034,0.3148567422992218,False,0.10989573167637856,raw
CTSH,Information Technology,10,70,0.29276562474411094,0.14559050031406334,True,0.1471751244300476,raw
COHR,Information Technology,9,70,0.3595763823803121,0.21666250681635435,True,0.14291387556395774,raw
COIN,Financials,10,74,0.3382334356708889,0.1951610014791883,False,0.14307243419170063,raw
CL,Consumer Staples,10,35,0.41650874367340557,0.3614391321911617,True,0.055069611482243874,raw
CMCSA,Communication Services,9,17,0.2231790183876013,0.17006264028237306,True,0.053116378105228235,raw
FIX,Industrials,10,78,0.2726134883054277,0.22196021349013406,True,0.050653274815293636,raw
CAG,Consumer Staples,10,35,0.5077496806797386,0.3700489549879838,True,0.1377007256917548,raw
COP,Energy,10,20,0.45893408037168076,0.5780080996281837,True,-0.1190740192565029,raw
ED,Utilities,10,30,0.6491389788770752,0.5323324833788928,False,0.11680649549818234,raw
STZ,Consumer Staples,10,35,0.26737734691871734,0.23241634231150402,True,0.034961004607213325,raw
CEG,Utilities,10,30,0.2373640306822767,0.16977440008893768,True,0.06758963059333903,raw
COO,Health Care,10,58,0.34544604648650423,0.292826391807227,True,0.052619654679277206,raw
CPRT,Industrials,10,78,0.16727605144539043,0.16810472523103392,True,-0.0008286737856434967,raw
GLW,Information Technology,9,70,0.18866576947508845,0.19708411322589464,True,-0.00841834375080619,raw
CPAY,Financials,10,74,0.2761840262631674,0.27296924628095814,True,0.0032147799822092593,raw
CTVA,Materials,10,25,0.1634174447854445,0.22272603654393172,True,-0.05930859175848721,raw
CSGP,Real Estate,10,28,0.20498888950586455,0.15788678862216105,True,0.04710210088370351,raw
COST,Consumer Staples,10,35,0.19638291556529228,0.17501581274584274,True,0.021367102819449535,raw
CRH,Materials,10,25,0.3553893580369666,0.3146453715694891,True,0.04074398646747751,raw
CRWD,Information Technology,10,70,0.4755733797879854,0.2635835918334416,False,0.21198978795454382,raw
CCI,Real Estate,9,28,0.29862554452328843,0.3372614274672398,True,-0.03863588294395137,raw
CSX,Industrials,9,78,0.31758318441552835,0.2747223616536495,True,0.04286082276187886,raw
CMI,Industrials,10,78,0.48343661917614167,0.3232181862596026,True,0.1602184329165391,raw
CVS,Health Care,10,58,0.24893054881131707,0.09673193679091813,True,0.15219861202039894,raw
DHR,Health Care,10,58,0.4304333632802962,0.3175365844511472,True,0.112896778829149,raw
DRI,Consumer Discretionary,10,47,0.20112734239506,0.22012290080618616,True,-0.018995558411126157,raw
DDOG,Information Technology,10,70,0.38800830410087755,0.18479442382698794,True,0.20321388027388962,raw
DVA,Health Care,10,58,0.031355546725558923,0.10441461501685871,True,-0.0730590682912998,raw
DECK,Consumer Discretionary,10,47,0.18958409715987184,0.2695355916977547,True,-0.07995149453788286,raw
DE,Industrials,10,78,0.3164721859480422,0.2618149988120161,True,0.05465718713602613,raw
DELL,Information Technology,9,70,0.30763912706023966,0.2211911132723502,False,0.08644801378788947,raw
DAL,Industrials,10,78,0.4013924588590757,0.28753978241208017,True,0.11385267644699554,raw
DVN,Energy,10,20,0.37565342053253004,0.5590847535634438,True,-0.18343133303091375,raw
DXCM,Health Care,10,58,0.14872453719444662,0.18335539766558567,True,-0.03463086047113906,raw
FANG,Energy,10,20,0.28735462795069944,0.5234734680707223,True,-0.23611884012002282,raw
DLR,Real Estate,10,28,0.20532671862174126,0.2945938404532916,True,-0.08926712183155036,raw
DG,Consumer Staples,10,35,0.2520810190909015,0.18867992772286932,False,0.06340109136803221,raw
DLTR,Consumer Staples,10,35,0.2577117929942082,0.1545492846166581,True,0.10316250837755012,raw
D,Utilities,10,30,0.45847014995056884,0.4774891090938763,True,-0.01901895914330748,raw
DPZ,Consumer Discretionary,10,47,0.2850598061066288,0.2057146481162312,True,0.0793451579903976,raw
DASH,Consumer Discretionary,10,47,0.082357912075919,0.16562035796690042,True,-0.08326244589098142,raw
DOV,Industrials,10,78,0.5671215909243279,0.3895312057414676,True,0.1775903851828603,raw
DOW,Materials,9,25,0.11337235783523864,0.19928257945144776,True,-0.08591022161620912,raw
DHI,Consumer Discretionary,10,47,0.37905350371926133,0.3436859037940224,True,0.03536759992523891,raw
DTE,Utilities,10,30,0.5355016747288518,0.6172344918051081,True,-0.08173281707625635,raw
DUK,Utilities,10,30,0.5911837057035917,0.6032664195920365,True,-0.01208271388844484,raw
DD,Materials,10,25,0.3052768579857659,0.3814600170171458,True,-0.0761831590313799,raw
ETN,Industrials,10,78,0.4052345353655224,0.265293544793465,True,0.1399409905720574,raw
EBAY,Consumer Discretionary,9,47,0.12399860262583744,0.12505054165668125,True,-0.0010519390308438153,raw
ECL,Materials,10,25,0.3219020148260977,0.339512597507621,True,-0.017610582681523268,raw
EIX,Utilities,10,30,0.4839699506572862,0.4438438223957639,True,0.04012612826152229,raw
EW,Health Care,10,58,0.19110578623307872,0.187448570879902,True,0.0036572153531767293,raw
ELV,Health Care,10,58,0.2849856241036291,0.1777948006474332,False,0.1071908234561959,raw
EME,Industrials,10,78,0.43129581868464495,0.21166074866325219,True,0.21963507002139276,raw
EMR,Industrials,10,78,0.5446385699454214,0.38803911701385696,True,0.1565994529315644,raw
ETR,Utilities,10,30,0.5517326763402589,0.5681708605169633,False,-0.016438184176704396,raw
EOG,Energy,10,20,0.4293733167219765,0.5673076205434012,True,-0.13793430382142474,raw
EQT,Energy,10,20,0.1880734352640106,0.2842018405689145,True,-0.09612840530490391,raw
EFX,Industrials,10,78,0.3468173446669742,0.1727936992190154,True,0.1740236454479588,raw
EQIX,Real Estate,9,28,0.09876388476422665,0.2223131098830828,True,-0.12354922511885616,raw
ERIE,Financials,10,74,0.3010830870392024,0.2202392152257742,True,0.0808438718134282,raw
ESS,Real Estate,8,28,0.5426227029382167,0.4342688633652119,False,0.10835383957300476,raw
EL,Consumer Staples,10,35,0.22023076709786768,0.13119757137097815,True,0.08903319572688953,raw
EG,Financials,10,74,0.4939447653391916,0.2524998098662239,True,0.24144495547296774,raw
EVRG,Utilities,10,30,0.592470179172452,0.5923708562987817,True,9.932287367031556e-05,raw
ES,Utilities,10,30,0.5130626245760124,0.46491171921674945,False,0.04815090535926292,raw
EXC,Utilities,10,30,0.35899980789235414,0.5350159990465302,True,-0.17601619115417605,raw
EXE,Energy,10,20,0.21256397903700647,0.28200529464516105,True,-0.06944131560815459,raw
EXPE,Consumer Discretionary,10,47,0.23012625765479727,0.2705298301939347,True,-0.0404035725391374,raw
EXPD,Industrials,9,78,0.17732122518802795,0.18301674864286874,True,-0.005695523454840784,raw
EXR,Real Estate,10,28,0.37725718831774013,0.4295499289735389,True,-0.05229274065579875,raw
XOM,Energy,10,20,0.44528435048923753,0.543289034741744,True,-0.09800468425250641,raw
FFIV,Information Technology,10,70,0.279044913772898,0.23416875174071952,True,0.04487616203217845,raw
FDS,Financials,10,74,0.14163237109287116,0.1676712312371147,True,-0.02603886014424353,raw
FICO,Information Technology,10,70,0.23994437722088674,0.11371439132035803,True,0.1262299859005287,raw
FAST,Industrials,10,78,0.3142989064672834,0.2826650082132007,True,0.03163389825408275,raw
FRT,Real Estate,10,28,0.48740947158558257,0.46605959363632615,True,0.021349877949256413,raw
FDX,Industrials,9,78,0.38483095928106004,0.3045735921236392,True,0.08025736715742082,raw
FIS,Financials,10,74,0.2825672272916787,0.28139376314061415,True,0.0011734641510645627,raw
FITB,Financials,10,74,0.6967465834952401,0.3901303666188859,False,0.3066162168763542,raw
FSLR,Information Technology,10,70,0.11006506084588763,0.14817933844743594,True,-0.03811427760154831,raw
FE,Utilities,10,30,0.6408721780201418,0.5412193001732197,False,0.09965287784692212,raw
F,Consumer Discretionary,10,47,0.21831188412113844,0.2295368702794499,True,-0.011224986158311467,raw
FTNT,Information Technology,10,70,0.35343524791320785,0.1979604617936187,True,0.15547478611958915,raw
FTV,Industrials,10,78,0.29026787481522154,0.29163588231151677,True,-0.0013680074962952316,raw
FOXA,Communication Services,9,17,0.18550849133674144,0.10618207654186498,True,0.07932641479487645,raw
BEN,Financials,10,74,0.3178847123599567,0.358849343435911,True,-0.04096463107595433,raw
FCX,Materials,9,25,0.05678840113283867,0.26724094969914647,True,-0.2104525485663078,raw
GRMN,Consumer Discretionary,10,47,0.25514000357072,0.2790471790580693,True,-0.02390717548734933,raw
IT,Information Technology,10,70,0.2326444714639399,0.14685684109759795,True,0.08578763036634196,raw
GE,Industrials,10,78,0.2663324290718557,0.2554001062513878,True,0.01093232282046791,raw
GEHC,Health Care,10,58,0.20627610751730735,0.2713957029637358,True,-0.06511959544642842,raw
GEV,Industrials,10,78,0.175618199284089,0.173866193060076,True,0.001752006224013003,raw
GEN,Information Technology,9,70,0.11177116198454305,0.21166947651713292,True,-0.09989831453258986,raw
GNRC,Industrials,10,78,0.28970355720072527,0.22751336750198325,True,0.062190189698742016,raw
GD,Industrials,10,78,0.3206217214778172,0.24100485824324536,True,0.07961686323457184,raw
GIS,Consumer Staples,10,35,0.5489573400017963,0.3649930632440768,True,0.18396427675771948,raw
GM,Consumer Discretionary,10,47,0.26902823129007425,0.2587970150790779,True,0.010231216210996374,raw
GPC,Consumer Discretionary,10,47,0.33556622843004325,0.30293763099360543,True,0.03262859743643781,raw
GILD,Health Care,10,58,0.3119297150163475,0.20786244170530602,False,0.10406727331104146,raw
GPN,Financials,10,74,0.31826309408066417,0.30574306536498536,True,0.01252002871567881,raw
GL,Financials,10,74,0.46896342029596383,0.30483383666614294,False,0.16412958362982089,raw
GDDY,Information Technology,10,70,0.3654558612574493,0.10858524130794489,True,0.2568706199495044,raw
GS,Financials,10,74,0.5234366234534684,0.29924580376156074,True,0.22419081969190768,raw
HAL,Energy,10,20,0.26857126239774914,0.47832615202282025,True,-0.2097548896250711,raw
HIG,Financials,10,74,0.5988978080218245,0.336095894048251,False,0.26280191397357344,raw
HAS,Consumer Discretionary,10,47,0.13363404493852493,0.24746335700014527,True,-0.11382931206162034,raw
HCA,Health Care,10,58,0.16725824896543764,0.1318699004224577,True,0.03538834854297995,raw
DOC,Real Estate,9,28,0.28590585477769503,0.34634050009514994,True,-0.060434645317454905,raw
HSIC,Health Care,10,58,0.3049698121633032,0.2498165041744023,True,0.05515330798890092,raw
HSY,Consumer Staples,10,35,0.3478155144170393,0.2675183145061621,True,0.08029719991087719,raw
HPE,Information Technology,10,70,0.31297205801788663,0.27351122227838964,True,0.03946083573949699,raw
HLT,Consumer Discretionary,10,47,0.4060051392734345,0.3458640663664377,True,0.06014107290699683,raw
HD,Consumer Discretionary,10,47,0.4815121726744366,0.3936687720557049,True,0.08784340061873169,raw
HON,Industrials,10,78,0.30613429547237514,0.2844831890098587,True,0.021651106462516445,raw
HRL,Consumer Staples,10,35,0.3356175909479862,0.2823768289070464,False,0.053240762040939804,raw
HST,Real Estate,10,28,0.38437618353120334,0.30518496913300874,True,0.0791912143981946,raw
HWM,Industrials,10,78,0.3640703077825078,0.2334050935266787,True,0.1306652142558291,raw
HPQ,Information Technology,10,70,0.3129341899841897,0.19779126896296648,True,0.11514292102122323,raw
HUBB,Industrials,10,78,0.39754871102940037,0.29200633793971786,True,0.1055423730896825,raw
HUM,Health Care,10,58,0.25922388756040937,0.13508677434478136,True,0.12413711321562801,raw
HBAN,Financials,10,74,0.6318897010332145,0.39327089456895425,False,0.23861880646426026,raw
HII,Industrials,10,78,0.22322727001063053,0.21450156819285873,True,0.008725701817771797,raw
IBM,Information Technology,10,70,0.3129191192503621,0.192956009802529,True,0.11996310944783309,raw
IEX,Industrials,10,78,0.4567689833842179,0.3431529112464765,True,0.11361607213774139,raw
IDXX,Health Care,10,58,0.26613310666438317,0.2190520568787171,True,0.047081049785666074,raw
ITW,Industrials,10,78,0.5605812317357042,0.3817969127265214,True,0.1787843190091828,raw
INCY,Health Care,10,58,0.32260890963248545,0.2077235528369287,False,0.11488535679555675,raw
IR,Industrials,10,78,0.5345113797631278,0.40590542064598223,True,0.12860595911714556,raw
PODD,Health Care,10,58,0.1462911183387465,0.1958411814963398,False,-0.049550063157593305,raw
INTC,Information Technology,10,70,0.27473849933883193,0.18520345002485442,True,0.08953504931397752,raw
IBKR,Financials,10,74,0.2784773013726114,0.2213933825888331,True,0.057083918783778304,raw
ICE,Financials,10,74,0.27597902453358697,0.2733096283317604,True,0.002669396201826546,raw
IFF,Materials,10,25,0.24459008118140485,0.3201015224159017,True,-0.07551144123449682,raw
IP,Materials,10,25,0.3867412176592129,0.3380966372706182,True,0.04864458038859465,raw
INTU,Information Technology,10,70,0.220590866446032,0.13698328386476685,True,0.08360758258126516,raw
ISRG,Health Care,10,58,0.2564785160346943,0.21804058029255027,True,0.03843793574214402,raw
IVZ,Financials,10,74,0.4855704159194579,0.3191593598984126,True,0.16641105602104528,raw
INVH,Real Estate,8,28,0.4066407476990411,0.4382246823889963,True,-0.031583934689955184,raw
IQV,Health Care,10,58,0.34138238273837673,0.26424848063205714,True,0.0771339021063196,raw
IRM,Real Estate,10,28,0.19107749100328383,0.2999038545325269,True,-0.10882636352924305,raw
JBHT,Industrials,10,78,0.26053219871271177,0.24336048467375426,True,0.01717171403895751,raw
JBL,Information Technology,10,70,0.1631249551394754,0.24670216893606453,True,-0.08357721379658914,raw
JKHY,Financials,10,74,0.18542687761393722,0.20088669767536166,True,-0.015459820061424434,raw
J,Industrials,10,78,0.1804494872172302,0.2651649346768415,True,-0.08471544745961129,raw
JNJ,Health Care,10,58,0.24289780525020635,0.19394089163147227,True,0.04895691361873408,raw
JCI,Industrials,10,78,0.26683725110583423,0.26410373098243406,True,0.0027335201234001683,raw
JPM,Financials,10,74,0.6031151233205189,0.3511255373542021,False,0.25198958596631676,raw
KVUE,Consumer Staples,10,35,0.1613463405231225,0.20392310376002895,True,-0.042576763236906456,raw
KDP,Consumer Staples,10,35,0.3373050967843668,0.2882845544958457,True,0.049020542288521096,raw
KEY,Financials,10,74,0.7173784279447354,0.409124671171925,False,0.30825375677281036,raw
KEYS,Information Technology,10,70,0.18826554505639198,0.23559938862079788,True,-0.0473338435644059,raw
KMB,Consumer Staples,10,35,0.35341694685316916,0.2958358579211782,True,0.05758108893199093,raw
KIM,Real Estate,9,28,0.4105587465066222,0.46859957441159356,True,-0.05804082790497134,raw
KMI,Energy,10,20,0.3695865719604364,0.3376209762336292,True,0.03196559572680724,raw
KKR,Financials,10,74,0.47885559808595024,0.3617219611784734,True,0.11713363690747686,raw
KLAC,Information Technology,9,70,0.3294148069473938,0.25211928630691116,True,0.07729552064048262,raw
KHC,Consumer Staples,10,35,0.45649538566820336,0.3259796489883886,True,0.13051573667981475,raw
KR,Consumer Staples,10,35,0.23861432250812692,0.1830948624749685,True,0.05551946003315841,raw
LHX,Industrials,10,78,0.32149113025035675,0.21046483149824224,True,0.1110262987521145,raw
LH,Health Care,10,58,0.3486164587028805,0.24951499244455397,False,0.09910146625832653,raw
LRCX,Information Technology,9,70,0.32116476529334803,0.2633680574557164,True,0.05779670783763163,raw
LVS,Consumer Discretionary,10,47,0.17668899487014492,0.17342814510744226,True,0.003260849762702661,raw
LDOS,Industrials,10,78,0.23590231760244712,0.1422316432416364,True,0.09367067436081072,raw
LEN,Consumer Discretionary,10,47,0.43344219035950926,0.34710201509353683,True,0.08634017526597243,raw
LII,Industrials,10,78,0.5524979058297868,0.37221732962310317,False,0.18028057620668358,raw
LLY,Health Care,10,58,0.32736225831450716,0.17320605887690696,False,0.1541561994376002,raw
LIN,Materials,10,25,0.2173358249796503,0.253093766245537,True,-0.03575794126588669,raw
LYV,Communication Services,9,17,0.13301394557968868,0.10186495066455953,True,0.031148994915129152,raw
LMT,Industrials,10,78,0.33241986592505246,0.10968069172428906,True,0.2227391742007634,raw
L,Financials,10,74,0.5156688407977803,0.3081458138454039,True,0.2075230269523764,raw
LOW,Consumer Discretionary,10,47,0.3995731678293401,0.38102803785969136,True,0.018545129969648744,raw
LULU,Consumer Discretionary,10,47,0.26602896231644235,0.28461682390102466,True,-0.01858786158458231,raw
LITE,Information Technology,10,70,0.3105804570385673,0.18253334205588911,True,0.12804711498267818,raw
LYB,Materials,10,25,0.28290901561303283,0.15614308738252622,True,0.1267659282305066,raw
MTB,Financials,10,74,0.7359283305138407,0.3957318025244006,False,0.34019652798944006,raw
MPC,Energy,10,20,0.3785097973220504,0.4740211313628137,True,-0.09551133404076328,raw
MAR,Consumer Discretionary,10,47,0.35706013011855753,0.36328674090521457,True,-0.006226610786657039,raw
MRSH,Financials,10,74,0.4106889468127952,0.2760380223119907,True,0.13465092450080451,raw
MLM,Materials,10,25,0.30355508321066627,0.33713948913702274,True,-0.033584405926356475,raw
MAS,Industrials,10,78,0.5229003905058878,0.331883326581857,True,0.19101706392403078,raw
MA,Financials,10,74,0.4006840994714408,0.32928840117681246,True,0.07139569829462833,raw
MKC,Consumer Staples,10,35,0.36569073293180815,0.304339027114116,True,0.06135170581769217,raw
MCD,Consumer Discretionary,10,47,0.3257271526186506,0.20940827181504582,True,0.11631888080360478,raw
MCK,Health Care,10,58,0.24544861137874457,0.10744399427021925,True,0.13800461710852532,raw
MDT,Health Care,10,58,0.34596992902224327,0.2811588094710555,True,0.06481111955118779,raw
MRK,Health Care,10,58,0.42557038059905156,0.28202441237940684,False,0.14354596821964472,raw
META,Communication Services,10,17,0.20472743883668673,0.06105155951812725,True,0.1436758793185595,raw
MET,Financials,10,74,0.4602347560929384,0.4193170555898329,True,0.0409177005031055,raw
MTD,Health Care,10,58,0.3601278725483645,0.2910715832165854,True,0.0690562893317791,raw
MGM,Consumer Discretionary,10,47,0.33620065431702006,0.25136888489039155,True,0.08483176942662851,raw
MCHP,Information Technology,10,70,0.4565558421756946,0.23074554397535718,False,0.22581029820033743,raw
MU,Information Technology,10,70,0.4185501844736005,0.2306702186760634,False,0.18787996579753707,raw
MSFT,Information Technology,10,70,0.3314623718343075,0.18309090586081259,True,0.1483714659734949,raw
MAA,Real Estate,8,28,0.5480349215360503,0.458758583124952,False,0.08927633841109828,raw
MRNA,Health Care,10,58,0.26839963856492594,0.18361459930361665,False,0.08478503926130929,raw
TAP,Consumer Staples,10,35,0.4216959061909236,0.3108924927834628,True,0.1108034134074608,raw
MDLZ,Consumer Staples,10,35,0.43912035657276827,0.3456474119206651,True,0.09347294465210315,raw
MPWR,Information Technology,10,70,0.45336139079108795,0.2576411262822088,True,0.19572026450887914,raw
MNST,Consumer Staples,10,35,0.20907638003503126,0.1754497608532298,True,0.03362661918180146,raw
MCO,Financials,10,74,0.3864884855493269,0.29779799577549804,True,0.08869048977382887,raw
MS,Financials,10,74,0.621739727745777,0.32212943730596627,False,0.29961029043981074,raw
MOS,Materials,10,25,0.1490502857430167,0.23924995189003087,True,-0.09019966614701416,raw
MSI,Information Technology,10,70,0.10604084164483536,0.0330725514885161,True,0.07296829015631925,raw
MSCI,Financials,10,74,0.32200198236036404,0.20799662925942786,True,0.11400535310093618,raw
NDAQ,Financials,10,74,0.308612302268492,0.2722308903182744,True,0.0363814119502176,raw
NTAP,Information Technology,10,70,0.3006268955740605,0.26941400744318333,True,0.031212888130877192,raw
NFLX,Communication Services,9,17,0.06924814731783119,0.08955464418399021,True,-0.020306496866159027,raw
NEM,Materials,10,25,0.08318767979085846,0.21084942848129257,True,-0.12766174869043412,raw
NWSA,Communication Services,10,17,0.25770755332721196,0.19177332067569094,True,0.06593423265152101,raw
NEE,Utilities,10,30,0.3928359270231982,0.4110889007414702,False,-0.018252973718272003,raw
NKE,Consumer Discretionary,10,47,0.2322697004246015,0.26857934138668854,True,-0.03630964096208705,raw
NI,Utilities,10,30,0.6213302617426713,0.5529165993841687,False,0.06841366235850255,raw
NDSN,Industrials,10,78,0.5246309401644595,0.4002515713968709,True,0.12437936876758865,raw
NSC,Industrials,10,78,0.3317000234216666,0.26147619463538685,True,0.07022382878627975,raw
NTRS,Financials,10,74,0.5492017331482085,0.34290035321403056,True,0.20630137993417796,raw
NOC,Industrials,10,78,0.35540007027422243,0.14275997431772156,True,0.21264009595650088,raw
NCLH,Consumer Discretionary,10,47,0.41657926987594535,0.3250793091817676,True,0.09149996069417776,raw
NRG,Utilities,10,30,0.2433035948483755,0.2394885677341185,True,0.0038150271142569914,raw
NUE,Materials,10,25,0.32111038782185475,0.30677211934130244,True,0.014338268480552308,raw
NVDA,Information Technology,10,70,0.31895578763098337,0.2273879140865513,True,0.09156787354443208,raw
NVR,Consumer Discretionary,9,47,0.269388657124122,0.3641076458262267,True,-0.09471898870210466,raw
NXPI,Information Technology,9,70,0.3369151705521866,0.2363314566118172,True,0.10058371394036941,raw
ORLY,Consumer Discretionary,10,47,0.2015155756518839,0.15123328240023748,True,0.05028229325164643,raw
OXY,Energy,10,20,0.5316967781923031,0.5265478908498566,True,0.005148887342446451,raw
ODFL,Industrials,9,78,0.40571590777798,0.32361046928235127,True,0.08210543849562874,raw
OMC,Communication Services,10,17,0.15804559398433296,0.14219550159734656,True,0.015850092386986397,raw
ON,Information Technology,9,70,0.5051427669449174,0.219333677579812,False,0.2858090893651054,raw
OKE,Energy,10,20,0.37199925326946404,0.5028834304696915,True,-0.1308841772002275,raw
ORCL,Information Technology,10,70,0.27699862341385273,0.19026582165147732,False,0.08673280176237541,raw
OTIS,Industrials,9,78,0.20909264663967642,0.21297267062399014,True,-0.003880023984313724,raw
PCAR,Industrials,10,78,0.2754846206607871,0.35390299342033904,True,-0.07841837275955194,raw
PKG,Materials,10,25,0.34502192795417425,0.3649058105767082,True,-0.019883882622533933,raw
PLTR,Information Technology,10,70,0.3146498857803749,0.1994328280337959,True,0.115217057746579,raw
PANW,Information Technology,10,70,0.42787036146822166,0.22647435860496148,False,0.20139600286326018,raw
PSKY,Communication Services,9,17,0.17341191072969747,0.13486896839124843,True,0.03854294233844904,raw
PH,Industrials,10,78,0.4056615287348745,0.3494691195266658,True,0.05619240920820867,raw
PAYX,Industrials,10,78,0.34706318215765675,0.0678082887961739,True,0.27925489336148285,raw
PYPL,Financials,10,74,0.2912290548865455,0.2095581783944858,True,0.0816708764920597,raw
PNR,Industrials,10,78,0.44779799521226343,0.33883522587168347,True,0.10896276934057997,raw
PEP,Consumer Staples,10,35,0.35378795900831406,0.337347587642597,True,0.016440371365717077,raw
PFE,Health Care,10,58,0.42972076539159865,0.25075206389714383,False,0.17896870149445482,raw
PCG,Utilities,10,30,0.4248787920271912,0.43803562619475767,False,-0.013156834167566467,raw
PM,Consumer Staples,10,35,0.11903332626379814,0.15672709479623878,True,-0.037693768532440636,raw
PSX,Energy,10,20,0.41650826481233694,0.5050062440365715,True,-0.08849797922423452,raw
PNW,Utilities,10,30,0.37936263468666415,0.5802091067471693,True,-0.20084647206050515,raw
PNC,Financials,10,74,0.6223428472581627,0.39032928554082,False,0.23201356171734266,raw
POOL,Consumer Discretionary,10,47,0.338044909334252,0.3096636113933928,True,0.028381297940859196,raw
PPG,Materials,9,25,0.33102354057416844,0.4124794537149617,True,-0.08145591314079326,raw
PPL,Utilities,10,30,0.5332018993992002,0.5185451790972478,False,0.014656720301952308,raw
PFG,Financials,10,74,0.5186623086015351,0.3815750481746912,False,0.13708726042684388,raw
PG,Consumer Staples,10,35,0.4402845349798829,0.33405369553852465,True,0.10623083944135825,raw
PGR,Financials,10,74,0.4713081492452975,0.19401171173741563,True,0.2772964375078819,raw
PLD,Real Estate,10,28,0.4175189880227407,0.43944439924475986,True,-0.021925411222019187,raw
PRU,Financials,10,74,0.4305328779799019,0.3696903612557662,True,0.06084251672413571,raw
PEG,Utilities,10,30,0.5670827597559709,0.5388392387666435,False,0.028243520989327364,raw
PTC,Information Technology,10,70,0.27417431541595483,0.13558789668663843,True,0.1385864187293164,raw
PSA,Real Estate,9,28,0.4581944221844687,0.4390492235984423,True,0.019145198586026424,raw
PHM,Consumer Discretionary,9,47,0.3679700014911469,0.38398768644189557,True,-0.01601768495074868,raw
PWR,Industrials,10,78,0.22475832172735735,0.2270371682919098,True,-0.0022788465645524614,raw
QCOM,Information Technology,9,70,0.18520759901446848,0.23343510636075138,True,-0.048227507346282894,raw
DGX,Health Care,10,58,0.27788655814617386,0.18055516021232365,False,0.0973313979338502,raw
RL,Consumer Discretionary,10,47,0.20146557719683517,0.31513521107997805,True,-0.11366963388314288,raw
RJF,Financials,10,74,0.5304312480831863,0.3511145383029973,False,0.179316709780189,raw
RTX,Industrials,10,78,0.4169442154622513,0.19965747186140162,True,0.21728674360084968,raw
O,Real Estate,9,28,0.24258003145731577,0.3844305328088602,True,-0.14185050135154442,raw
REG,Real Estate,9,28,0.4931930482166804,0.4460714487970688,True,0.04712159941961164,raw
REGN,Health Care,10,58,0.35990420719320915,0.20128764710135705,False,0.1586165600918521,raw
RF,Financials,10,74,0.660852195661841,0.40619339758118667,False,0.2546587980806543,raw
RSG,Industrials,10,78,0.15393765208832322,0.0476992162954939,True,0.10623843579282932,raw
RMD,Health Care,10,58,0.28587562185349874,0.2898834250962305,True,-0.004007803242731756,raw
RVTY,Health Care,10,58,0.2937488609074089,0.2945692834178317,False,-0.0008204225104227469,raw
HOOD,Financials,10,74,0.3158184293098844,0.16615635838082796,True,0.14966207092905645,raw
ROK,Industrials,10,78,0.39522714496973077,0.3602581451224546,True,0.034968999847276194,raw
ROL,Industrials,10,78,0.12976437933342694,0.14751060274633765,True,-0.01774622341291071,raw
ROP,Information Technology,10,70,0.21806343843603765,0.10828150572055946,True,0.10978193271547819,raw
ROST,Consumer Discretionary,10,47,0.23645210668672895,0.25487634812334936,True,-0.018424241436620414,raw
RCL,Consumer Discretionary,10,47,0.3918532620419898,0.30777799511304677,True,0.08407526692894302,raw
SPGI,Financials,10,74,0.3869492011609471,0.2672769584320653,True,0.11967224272888183,raw
CRM,Information Technology,10,70,0.421467113923914,0.1893911802715189,True,0.2320759336523951,raw
SNDK,Information Technology,10,70,0.34094467703237197,0.21054626311000285,True,0.13039841392236912,raw
SBAC,Real Estate,9,28,0.14863414769491756,0.28491220903523484,True,-0.13627806134031728,raw
SLB,Energy,10,20,0.3429453563926168,0.3812664296251627,True,-0.03832107323254591,raw
STX,Information Technology,10,70,0.3483723290943316,0.19760665093432628,True,0.1507656781600053,raw
SRE,Utilities,10,30,0.5620788898401264,0.5445659947883483,False,0.01751289505177811,raw
NOW,Information Technology,10,70,0.5646202159089845,0.18422162964184483,True,0.3803985862671396,raw
SHW,Materials,10,25,0.3895304506980396,0.3510529002678514,True,0.03847755043018819,raw
SPG,Real Estate,9,28,0.4948985341140356,0.4302250818869325,True,0.06467345222710313,raw
SWKS,Information Technology,10,70,0.28940067136092995,0.21369303849327054,True,0.07570763286765941,raw
SJM,Consumer Staples,10,35,0.4081862123274925,0.30157509048057984,True,0.10661112184691268,raw
SW,Materials,10,25,0.34033813455898326,0.38669723809342554,True,-0.04635910353444228,raw
SNA,Industrials,10,78,0.39530846662887403,0.35890229376905647,True,0.036406172859817565,raw
SOLV,Health Care,10,58,0.31346290383110753,0.27978352382488003,True,0.0336793800062275,raw
SO,Utilities,10,30,0.5711473514806382,0.5756040433030474,False,-0.004456691822409153,raw
LUV,Industrials,9,78,0.4386586721575032,0.26057817107979686,True,0.17808050107770634,raw
SWK,Industrials,10,78,0.48076194183167453,0.38498726188092414,True,0.0957746799507504,raw
SBUX,Consumer Discretionary,10,47,0.20054464967553143,0.24639305583549742,True,-0.04584840615996599,raw
STT,Financials,10,74,0.5152340044363986,0.37210843286607603,True,0.14312557157032252,raw
STLD,Materials,10,25,0.3118732286036526,0.307656302831259,True,0.004216925772393576,raw
STE,Health Care,10,58,0.1915292171598702,0.26459206549983866,True,-0.07306284833996846,raw
SYK,Health Care,10,58,0.37982271305431925,0.2873595473994096,True,0.09246316565490964,raw
SMCI,Information Technology,10,70,0.36436776265512766,0.2147316642663557,True,0.14963609838877195,raw
SYF,Financials,10,74,0.460751259503599,0.3827814725598456,True,0.0779697869437534,raw
SNPS,Information Technology,10,70,0.25782808330676865,0.19874711684545004,True,0.05908096646131861,raw
SYY,Consumer Staples,10,35,0.21842470989168086,0.2001176134423511,True,0.018307096449329763,raw
TMUS,Communication Services,10,17,0.09058928093277777,0.07433469737682026,True,0.016254583555957505,raw
TROW,Financials,10,74,0.31520791230807327,0.340519357167719,True,-0.025311444859645704,raw
TTWO,Communication Services,9,17,0.2331095426757875,0.08360909908051105,True,0.14950044359527648,raw
TPR,Consumer Discretionary,10,47,0.24856525848257438,0.23985457286740564,True,0.008710685615168745,raw
TRGP,Energy,10,20,0.4056271715958834,0.47764062120620016,True,-0.07201344961031675,raw
TGT,Consumer Staples,10,35,0.2595296146492786,0.23452574666029982,True,0.025003867988978773,raw
TEL,Information Technology,10,70,0.2866900070955169,0.21923560679005288,True,0.06745440030546401,raw
TDY,Information Technology,10,70,0.34977927023181266,0.19710180737870778,True,0.15267746285310488,raw
TER,Information Technology,10,70,0.3551616135424585,0.2061583028162275,True,0.14900331072623102,raw
TSLA,Consumer Discretionary,10,47,0.13128615419899914,0.13023170398943562,True,0.0010544502095635178,raw
TXN,Information Technology,10,70,0.4655463316335795,0.14290051019040162,True,0.3226458214431779,raw
TPL,Energy,10,20,0.20147693643312103,0.3061380477342461,True,-0.10466111130112504,raw
TXT,Industrials,10,78,0.28398097076252743,0.3199008254932317,True,-0.03591985473070425,raw
TMO,Health Care,10,58,0.45346409376085656,0.2998617513089224,False,0.15360234245193416,raw
TJX,Consumer Discretionary,10,47,0.1585313881406665,0.23037993824520428,True,-0.07184855010453778,raw
TKO,Communication Services,10,17,0.1767515962482987,0.1284902629570122,True,0.048261333291286485,raw
TTD,Communication Services,10,17,0.09779254894776421,0.08786036678257313,True,0.00993218216519108,raw
TSCO,Consumer Discretionary,10,47,0.18014806320331572,0.23663666465180194,True,-0.05648860144848622,raw
TT,Industrials,10,78,0.48735235409037436,0.3125391613992155,True,0.17481319269115886,raw
TDG,Industrials,10,78,0.2232124991943052,0.1968756922454427,False,0.02633680694886248,raw
TRV,Financials,10,74,0.5092347074834025,0.29393837386668387,False,0.21529633361671863,raw
TRMB,Information Technology,10,70,0.3481509959060647,0.29707921297850914,True,0.05107178292755554,raw
TFC,Financials,10,74,0.7132230694754479,0.393259275069664,False,0.3199637944057839,raw
TYL,Information Technology,10,70,0.30752203563062824,0.08747470208276997,False,0.22004733354785827,raw
TSN,Consumer Staples,10,35,0.2633159709475274,0.2223501079107481,True,0.04096586303677929,raw
USB,Financials,10,74,0.7524833024123301,0.40348295172915927,False,0.3490003506831708,raw
UBER,Industrials,10,78,0.1505424686605977,0.130717091807522,True,0.0198253768530757,raw
UDR,Real Estate,8,28,0.4437814819804816,0.45569525439195024,True,-0.011913772411468626,raw
ULTA,Consumer Discretionary,10,47,0.09165632080663684,0.19033039694898865,True,-0.09867407614235181,raw
UNP,Industrials,9,78,0.3235374470617458,0.2583657398435049,True,0.06517170721824089,raw
UAL,Industrials,10,78,0.33336710564638905,0.2967878944382162,True,0.03657921120817287,raw
UPS,Industrials,9,78,0.2930690688706463,0.2671338096256303,True,0.025935259245015996,raw
URI,Industrials,10,78,0.23676959648362278,0.25870892553539887,True,-0.02193932905177609,raw
UNH,Health Care,10,58,0.3488470940862381,0.15519006830319704,True,0.19365702578304106,raw
UHS,Health Care,10,58,0.2148222681526951,0.13608760269067394,False,0.07873466546202115,raw
VLO,Energy,10,20,0.3297303634955119,0.4473077352461126,True,-0.11757737175060073,raw
VEEV,Health Care,10,58,0.14274226113675034,0.08447127775487148,True,0.05827098338187886,raw
VTR,Real Estate,8,28,0.3407364024031245,0.25719397372356684,True,0.08354242867955769,raw
VLTO,Industrials,9,78,0.23010232592437221,0.19479216732552937,True,0.035310158598842845,raw
VRSN,Information Technology,10,70,0.18408411747884026,0.050901746456098164,True,0.1331823710227421,raw
VRSK,Industrials,10,78,0.22470017635888,-0.0039030990999122214,True,0.22860327545879222,raw
VZ,Communication Services,9,17,0.14880159389449205,0.09424095244907049,True,0.054560641445421554,raw
VRTX,Health Care,10,58,0.30181577747244237,0.1655911463231005,False,0.13622463114934186,raw
VRT,Industrials,10,78,0.2273480741230601,0.16766100609457657,True,0.05968706802848353,raw
VTRS,Health Care,10,58,0.2928148231409796,0.21981801188938632,False,0.0729968112515933,raw
VICI,Real Estate,9,28,0.3377695881249653,0.40372625247528726,True,-0.06595666435032194,raw
V,Financials,10,74,0.39449459708949386,0.30967675919319526,True,0.0848178378962986,raw
VST,Utilities,10,30,0.13932140210338811,0.16276995159663024,True,-0.023448549493242127,raw
VMC,Materials,10,25,0.3475555752294502,0.31520380703188083,True,0.03235176819756935,raw
WRB,Financials,10,74,0.5221905559844304,0.21707188981551123,True,0.3051186661689192,raw
GWW,Industrials,10,78,0.1812974478985459,0.2941246578168181,True,-0.11282720991827222,raw
WAB,Industrials,10,78,0.43342392311413214,0.38001132915329955,True,0.05341259396083259,raw
WMT,Consumer Staples,10,35,0.17743571377935186,0.19911228050115395,True,-0.0216765667218021,raw
DIS,Communication Services,10,17,0.25855830584804196,0.19391347879498125,True,0.06464482705306071,raw
WBD,Communication Services,10,17,0.08383594669752491,0.07795423614947353,True,0.00588171054805138,raw
WM,Industrials,10,78,0.11109004561281481,0.05983660370338863,True,0.051253441909426184,raw
WAT,Health Care,10,58,0.41508160411965156,0.23892277453711805,True,0.1761588295825335,raw
WEC,Utilities,10,30,0.6800875052759656,0.6191928489595236,False,0.060894656316441975,raw
WFC,Financials,10,74,0.6013376708924084,0.3542076324093465,False,0.24713003848306192,raw
WELL,Real Estate,9,28,0.24642728057943966,0.289273977069156,True,-0.04284669648971631,raw
WST,Health Care,10,58,0.20631652891741092,0.172976525942557,True,0.03334000297485393,raw
WDC,Information Technology,10,70,0.3057714667920598,0.20752443961148115,True,0.09824702718057865,raw
WY,Real Estate,10,28,0.3482670245612249,0.3236012917136118,True,0.024665732847613087,raw
WSM,Consumer Discretionary,10,47,0.18260606116151057,0.3571996483028806,True,-0.17459358714137002,raw
WMB,Energy,10,20,0.3635912848687721,0.2889986119461669,True,0.07459267292260524,raw
WTW,Financials,10,74,0.17365221437344885,0.23182640007199648,True,-0.058174185698547626,raw
WDAY,Information Technology,10,70,0.5148430062032864,0.1499347061067051,True,0.36490830009658126,raw
WYNN,Consumer Discretionary,10,47,0.34594568941000164,0.27577566504342743,True,0.07017002436657421,raw
XEL,Utilities,10,30,0.5850143161729892,0.5600159375922272,False,0.024998378580761926,raw
XYL,Industrials,10,78,0.34816187009324717,0.30083811546566597,True,0.047323754627581205,raw
YUM,Consumer Discretionary,10,47,0.2725925695604766,0.21574981368944945,True,0.05684275587102716,raw
ZBRA,Information Technology,10,70,0.28993550054109934,0.2280883226726927,True,0.061847177868406655,raw
ZBH,Health Care,10,58,0.2751241595412648,0.24012858234967657,True,0.03499557719158822,raw
ZTS,Health Care,10,58,0.2399185379479123,0.19810404206883533,True,0.04181449587907696,raw
MMM,Industrials,10,78,0.10137981259390931,0.06004522032215258,True,0.04133459227175673,market_residual
AOS,Industrials,10,78,0.1833131687344896,0.13686572110661455,True,0.04644744762787506,market_residual
ABT,Health Care,10,58,0.15284115732821218,0.14448331492355831,False,0.00835784240465387,market_residual
ABBV,Health Care,10,58,0.3397129931497508,0.14076026887408064,False,0.19895272427567015,market_residual
ACN,Information Technology,10,70,0.30716740161584516,0.026978106290580634,True,0.28018929532526454,market_residual
ADBE,Information Technology,9,70,0.3397136390160956,0.08447281090574917,True,0.25524082811034643,market_residual
AMD,Information Technology,10,70,0.32615283980943066,0.14446857987943132,True,0.18168425992999934,market_residual
AES,Utilities,10,30,0.0858134430141786,0.07717178001163644,True,0.008641663002542169,market_residual
AFL,Financials,10,74,0.3122603591629065,0.20103086099095704,True,0.11122949817194946,market_residual
A,Health Care,10,58,0.3123909472438872,0.14352489472503818,True,0.16886605251884904,market_residual
APD,Materials,10,25,0.163890698513105,0.12270801661643958,True,0.04118268189666542,market_residual
ABNB,Consumer Discretionary,10,47,0.12057353056256395,0.06943300009035322,True,0.05114053047221073,market_residual
AKAM,Information Technology,10,70,0.0993199304694386,0.08016608428863861,False,0.019153846180799988,market_residual
ALB,Materials,10,25,0.031808329486752156,0.05964638666208003,True,-0.027838057175327877,market_residual
ARE,Real Estate,8,28,0.18370946256815135,0.18295338898490995,True,0.0007560735832413956,market_residual
ALGN,Health Care,10,58,0.09538193007953558,0.09989185322004615,True,-0.004509923140510574,market_residual
ALLE,Industrials,10,78,0.10315738655359666,0.09003515837031714,True,0.013122228183279516,market_residual
LNT,Utilities,10,30,0.517332833833126,0.6157363619398224,True,-0.09840352810669639,market_residual
ALL,Financials,10,74,0.4555996894334314,0.18396502921170835,True,0.271634660221723,market_residual
GOOGL,Communication Services,10,17,0.08937941044932238,-0.02994602751357077,True,0.11932543796289315,market_residual
MO,Consumer Staples,10,35,0.23179807219458787,0.23751539698721572,True,-0.005717324792627848,market_residual
AMZN,Consumer Discretionary,10,47,0.07213271555442229,0.0285422278152595,True,0.043590487739162784,market_residual
AMCR,Materials,10,25,0.18596097904180464,0.1860719337028321,True,-0.00011095466102745144,market_residual
AEE,Utilities,10,30,0.7457496168159868,0.6138162918301054,False,0.1319333249858814,market_residual
AEP,Utilities,10,30,0.5237808666956046,0.529688772124247,False,-0.00590790542864239,market_residual
AXP,Financials,10,74,0.1348432257496743,0.21965796143057537,True,-0.08481473568090106,market_residual
AIG,Financials,10,74,0.3228348612131597,0.16311157601239903,True,0.15972328520076065,market_residual
AMT,Real Estate,10,28,0.14641619323821814,0.25245944750960325,True,-0.10604325427138511,market_residual
AWK,Utilities,10,30,0.07622614747954012,0.37274247513012276,True,-0.29651632765058267,market_residual
AMP,Financials,10,74,0.36616080063527223,0.23705686663577433,False,0.1291039339994979,market_residual
AME,Industrials,10,78,0.22677524659250053,0.1666201188603509,True,0.06015512773214962,market_residual
AMGN,Health Care,10,58,0.42094253801762643,0.14359201087199716,False,0.27735052714562924,market_residual
APH,Information Technology,10,70,0.1646319060940752,0.0842347477011944,True,0.08039715839288078,market_residual
ADI,Information Technology,10,70,0.37179850934318925,0.0876314444956601,True,0.2841670648475292,market_residual
AON,Financials,10,74,0.3372927132745444,0.18293394009475716,True,0.15435877317978725,market_residual
APA,Energy,10,20,0.42972351955955085,0.5371038714813312,True,-0.10738035192178036,market_residual
APO,Financials,10,74,0.4215947284647982,0.18213713137323018,True,0.239457597091568,market_residual
AAPL,Information Technology,9,70,0.08925166140836716,0.04395895558584414,True,0.04529270582252302,market_residual
AMAT,Information Technology,9,70,0.28296982611884475,0.147156053911795,True,0.13581377220704974,market_residual
APP,Information Technology,9,70,0.16427213846607078,0.11310830810111229,True,0.05116383036495849,market_residual
APTV,Consumer Discretionary,10,47,0.0478471031286188,0.0642602760364655,True,-0.016413172907846704,market_residual
ACGL,Financials,10,74,0.4174425633705314,0.16692822385170877,False,0.2505143395188226,market_residual
ADM,Consumer Staples,10,35,0.1456861020977045,0.09743644754729405,True,0.04824965455041044,market_residual
ARES,Financials,10,74,0.4118657570028262,0.11893284025980377,False,0.2929329167430224,market_residual
ANET,Information Technology,10,70,0.14213735975022757,0.1572015263820374,True,-0.015064166631809844,market_residual
AJG,Financials,10,74,0.4317520346548858,0.18207920625726992,True,0.2496728283976159,market_residual
AIZ,Financials,9,74,0.22812567159460867,0.19238580688920734,True,0.03573986470540133,market_residual
T,Communication Services,9,17,0.14631735330484774,0.09275237567689233,True,0.05356497762795541,market_residual
ATO,Utilities,10,30,0.28349120885240653,0.5283816083413232,True,-0.24489039948891667,market_residual
ADSK,Information Technology,10,70,0.17597589424377333,0.08536794820849178,True,0.09060794603528155,market_residual
ADP,Industrials,10,78,0.4591841340420741,-0.10114752156799849,True,0.5603316556100726,market_residual
AZO,Consumer Discretionary,10,47,0.08900655396329299,0.05872120214112592,True,0.030285351822167073,market_residual
AVY,Materials,10,25,0.13722948590791254,0.17645919040373198,True,-0.039229704495819445,market_residual
AXON,Industrials,10,78,0.08346592302146005,-0.025166800288907665,True,0.10863272331036772,market_residual
BKR,Energy,10,20,0.22836751186572884,0.342227086530401,True,-0.11385957466467217,market_residual
BALL,Materials,10,25,0.18100694851759866,0.14444132702644485,True,0.036565621491153805,market_residual
BAC,Financials,10,74,0.40018235072006236,0.22445121293000686,True,0.1757311377900555,market_residual
BAX,Health Care,10,58,0.1436905432461496,0.13559830794804673,False,0.008092235298102879,market_residual
BDX,Health Care,10,58,0.22030761241065036,0.17931012677461175,False,0.04099748563603861,market_residual
BRK.B,Financials,10,74,0.02126666049744784,0.11187946690230612,True,-0.09061280640485828,market_residual
BBY,Consumer Discretionary,10,47,0.05852346028448437,0.05803168385355076,True,0.0004917764309336145,market_residual
TECH,Health Care,10,58,0.26299726904931614,0.13625511234579302,False,0.12674215670352312,market_residual
BIIB,Health Care,10,58,0.34144215998863126,0.11931868790303903,False,0.22212347208559224,market_residual
BLK,Financials,10,74,0.39468348511967327,0.15178579999919442,False,0.24289768512047885,market_residual
BX,Financials,10,74,0.36035338679446843,0.14148027842522476,False,0.21887310836924367,market_residual
XYZ,Financials,10,74,0.11539818826535916,0.015683288986773746,True,0.09971489927858541,market_residual
BNY,Financials,10,74,0.36025424936554973,0.16092623835913372,False,0.199328011006416,market_residual
BA,Industrials,10,78,0.12214961519677874,0.021537621405305202,True,0.10061199379147354,market_residual
BKNG,Consumer Discretionary,10,47,0.14834032503798544,0.10630764374282044,True,0.042032681295165006,market_residual
BSX,Health Care,10,58,0.09496025531523718,0.07115020031116571,True,0.023810055004071462,market_residual
BMY,Health Care,10,58,0.367765818699768,0.157296218110657,False,0.210469600589111,market_residual
AVGO,Information Technology,10,70,0.16391765457234725,0.1892486936020907,True,-0.025331039029743457,market_residual
BR,Industrials,10,78,0.05668281985019989,-0.04467066442601132,True,0.10135348427621121,market_residual
BRO,Financials,10,74,0.3148729910464708,0.15398603074202935,True,0.16088696030444147,market_residual
BF.B,Consumer Staples,10,35,0.2503167143269593,0.218479973378336,True,0.03183674094862329,market_residual
BLDR,Industrials,10,78,0.29258354773430406,0.07983729515763481,True,0.21274625257666924,market_residual
BG,Consumer Staples,10,35,0.1696769289651492,0.09946399131513496,True,0.07021293765001423,market_residual
BXP,Real Estate,8,28,0.1734346912551372,0.1939848232533135,True,-0.02055013199817632,market_residual
CHRW,Industrials,10,78,0.09065475644826528,0.06448876355290402,True,0.026165992895361256,market_residual
CDNS,Information Technology,10,70,0.1831925402166199,0.19849251282207359,False,-0.015299972605453682,market_residual
CPT,Real Estate,8,28,0.459926068888786,0.34903499385629505,False,0.11089107503249096,market_residual
CPB,Consumer Staples,10,35,0.4266253831066148,0.2839205012649041,True,0.1427048818417107,market_residual
COF,Financials,10,74,0.406943271810119,0.2099193039671132,False,0.19702396784300583,market_residual
CAH,Health Care,10,58,0.15922004747411284,0.08156307477443449,False,0.07765697269967835,market_residual
CCL,Consumer Discretionary,10,47,0.23768689380375832,0.1131153114072427,True,0.12457158239651563,market_residual
CARR,Industrials,10,78,0.07503100018430707,0.14320307976962982,True,-0.06817207958532275,market_residual
CVNA,Consumer Discretionary,10,47,0.03537792260316986,0.04208370657083505,True,-0.006705783967665191,market_residual
CASY,Consumer Staples,10,35,0.09785580385441786,0.1181863831667168,True,-0.020330579312298938,market_residual
CAT,Industrials,10,78,0.10062160820803694,0.11963757498858044,True,-0.0190159667805435,market_residual
CBOE,Financials,10,74,0.10049498024924645,0.02410733074009969,True,0.07638764950914677,market_residual
CBRE,Real Estate,10,28,0.16939674670361976,0.11593091977009598,True,0.05346582693352378,market_residual
CDW,Information Technology,10,70,0.12786702512224662,0.08084621122243647,True,0.04702081389981015,market_residual
COR,Health Care,10,58,0.11125978435650805,0.0922351823550485,False,0.019024602001459542,market_residual
CNC,Health Care,10,58,0.2510719219483645,0.06303997908936111,True,0.18803194285900338,market_residual
CNP,Utilities,10,30,0.69474915124463,0.5895458865976715,True,0.1052032646469585,market_residual
CF,Materials,10,25,0.09311618499211037,0.04057858540348847,True,0.0525375995886219,market_residual
CRL,Health Care,10,58,0.281650429413954,0.12380008112788173,False,0.1578503482860723,market_residual
SCHW,Financials,10,74,0.33793197966669747,0.22094736160873968,True,0.11698461805795779,market_residual
CHTR,Communication Services,9,17,0.18425787858164852,0.11611205012811489,True,0.06814582845353363,market_residual
CVX,Energy,10,20,0.29561063166259044,0.5462891343872278,True,-0.2506785027246374,market_residual
CMG,Consumer Discretionary,10,47,0.07728138960936334,0.07754976484752088,True,-0.0002683752381575366,market_residual
CB,Financials,10,74,0.5279547235379647,0.17105001032541703,False,0.3569047132125477,market_residual
CHD,Consumer Staples,10,35,0.35139505870776505,0.29133437369703863,True,0.06006068501072642,market_residual
CIEN,Information Technology,10,70,0.08679482779278867,0.12316627097460943,True,-0.036371443181820756,market_residual
CI,Health Care,10,58,0.18465682016143686,0.10606377177141994,True,0.07859304839001692,market_residual
CINF,Financials,10,74,0.43481865265411634,0.2019048752857196,True,0.23291377736839675,market_residual
CTAS,Industrials,10,78,0.12256560632357556,0.023626731730083228,True,0.09893887459349233,market_residual
CSCO,Information Technology,10,70,0.09902821643199443,0.11904048736583682,True,-0.02001227093384239,market_residual
C,Financials,10,74,0.4184184632422204,0.1756720232309694,False,0.24274644001125098,market_residual
CFG,Financials,10,74,0.6016340773527726,0.199386458156336,False,0.40224761919643665,market_residual
CLX,Consumer Staples,10,35,0.34620179310289473,0.2828431368126768,True,0.06335865629021792,market_residual
CME,Financials,10,74,0.10735794206836642,0.08079807625642768,True,0.02655986581193874,market_residual
CMS,Utilities,10,30,0.6688482539229248,0.605026872229135,False,0.06382138169378981,market_residual
KO,Consumer Staples,10,35,0.42801242989086363,0.31561727914875815,False,0.11239515074210549,market_residual
CTSH,Information Technology,10,70,0.2127165879438838,0.028524205608752223,True,0.18419238233513158,market_residual
COHR,Information Technology,9,70,0.2750775008576417,0.14061022233838383,True,0.13446727851925788,market_residual
COIN,Financials,10,74,0.16287096762478095,0.020373230066240734,False,0.14249773755854023,market_residual
CL,Consumer Staples,10,35,0.37258950931251167,0.3350950902621091,True,0.03749441905040257,market_residual
CMCSA,Communication Services,9,17,0.16863734364737218,0.11889194703952066,True,0.049745396607851516,market_residual
FIX,Industrials,10,78,0.11457248686460501,0.06708509252158255,True,0.04748739434302246,market_residual
CAG,Consumer Staples,10,35,0.47673693859834093,0.3363200624875804,True,0.14041687611076054,market_residual
COP,Energy,10,20,0.4544238525589786,0.5790027118339307,True,-0.1245788592749521,market_residual
ED,Utilities,10,30,0.671759911481127,0.5497008112210682,False,0.12205910026005884,market_residual
STZ,Consumer Staples,10,35,0.2243928661718261,0.1917382089683037,True,0.0326546572035224,market_residual
CEG,Utilities,10,30,0.1884733845575147,0.12489479896725651,True,0.06357858559025818,market_residual
COO,Health Care,10,58,0.16157628310271605,0.1450310795400647,True,0.01654520356265135,market_residual
CPRT,Industrials,10,78,0.015019212350851968,-0.013259057707691571,True,0.02827827005854354,market_residual
GLW,Information Technology,9,70,0.07408652943589708,0.10808671520275956,True,-0.03400018576686248,market_residual
CPAY,Financials,10,74,0.11457237356759939,0.09413812680006105,True,0.02043424676753834,market_residual
CTVA,Materials,10,25,0.0915921724064224,0.10810520983034853,True,-0.01651303742392614,market_residual
CSGP,Real Estate,10,28,0.07012874109105385,0.0530731018502607,True,0.017055639240793154,market_residual
COST,Consumer Staples,10,35,0.18508521482527762,0.1651313121623122,True,0.019953902662965428,market_residual
CRH,Materials,10,25,0.11798328884914859,0.08639560490740532,True,0.03158768394174327,market_residual
CRWD,Information Technology,10,70,0.4425667325830611,0.2027517386595951,False,0.23981499392346603,market_residual
CCI,Real Estate,9,28,0.23484860607627692,0.2495955581483685,True,-0.01474695207209159,market_residual
CSX,Industrials,9,78,0.15798849196388115,0.07199229116130071,True,0.08599620080258044,market_residual
CMI,Industrials,10,78,0.3100421975794564,0.1227991143286697,True,0.1872430832507867,market_residual
CVS,Health Care,10,58,0.2215968105756682,0.044252561842009465,True,0.17734424873365875,market_residual
DHR,Health Care,10,58,0.2944527533210435,0.18298561063453664,True,0.11146714268650684,market_residual
DRI,Consumer Discretionary,10,47,0.1224266523678994,0.08320626994968942,True,0.03922038241820998,market_residual
DDOG,Information Technology,10,70,0.3650333503902773,0.14247856105917506,True,0.22255478933110223,market_residual
DVA,Health Care,10,58,-0.023611920774165605,0.038993889292212196,True,-0.0626058100663778,market_residual
DECK,Consumer Discretionary,10,47,0.05886829785636185,0.08279985021615335,True,-0.023931552359791504,market_residual
DE,Industrials,10,78,0.17075207240445262,0.10466167558955788,True,0.06609039681489473,market_residual
DELL,Information Technology,9,70,0.2344814166241427,0.14139797256358067,False,0.09308344406056204,market_residual
DAL,Industrials,10,78,0.197048709978829,0.025585668620149837,True,0.17146304135867918,market_residual
DVN,Energy,10,20,0.3713982168041621,0.5596806345639099,True,-0.18828241775974786,market_residual
DXCM,Health Care,10,58,0.055903117360971685,0.08130555851236561,True,-0.025402441151393923,market_residual
FANG,Energy,10,20,0.2803426733408189,0.5239638868824036,True,-0.24362121354158467,market_residual
DLR,Real Estate,10,28,0.06097409739779356,0.14446728522124824,True,-0.08349318782345469,market_residual
DG,Consumer Staples,10,35,0.1954891970672952,0.13129969607111372,False,0.06418950099618148,market_residual
DLTR,Consumer Staples,10,35,0.16662721994241186,0.08494112298828528,True,0.08168609695412658,market_residual
D,Utilities,10,30,0.42646794162919566,0.4521607125719575,True,-0.025692770942761844,market_residual
DPZ,Consumer Discretionary,10,47,0.21989993735510494,0.08427202465597207,True,0.13562791269913288,market_residual
DASH,Consumer Discretionary,10,47,-0.04433693685973063,0.025011659043040792,True,-0.06934859590277143,market_residual
DOV,Industrials,10,78,0.3457718579799887,0.16056235528158103,True,0.1852095026984077,market_residual
DOW,Materials,9,25,-0.032503446195649315,0.07870787996021242,True,-0.11121132615586174,market_residual
DHI,Consumer Discretionary,10,47,0.21223468736266726,0.13443028724413425,True,0.07780440011853301,market_residual
DTE,Utilities,10,30,0.49750525462687223,0.5963853468658056,True,-0.09888009223893335,market_residual
DUK,Utilities,10,30,0.5921195398154402,0.6037166244667678,True,-0.011597084651327583,market_residual
DD,Materials,10,25,0.08379357662170488,0.16832907479593906,True,-0.08453549817423418,market_residual
ETN,Industrials,10,78,0.25982002623135486,0.09431433834442805,True,0.16550568788692682,market_residual
EBAY,Consumer Discretionary,9,47,0.04160020363140837,0.012245163106904253,True,0.02935504052450412,market_residual
ECL,Materials,10,25,0.05249083683326637,0.1373904387090515,True,-0.08489960187578512,market_residual
EIX,Utilities,10,30,0.44224306505514865,0.4062127865243064,True,0.03603027853084223,market_residual
EW,Health Care,10,58,0.0848870601846205,0.07595276531848272,True,0.008934294866137782,market_residual
ELV,Health Care,10,58,0.24182740553507145,0.10535331506246251,False,0.13647409047260894,market_residual
EME,Industrials,10,78,0.3350032647905646,0.046863709345866096,True,0.2881395554446985,market_residual
EMR,Industrials,10,78,0.27961266553600395,0.11982464490697332,True,0.15978802062903064,market_residual
ETR,Utilities,10,30,0.5251771509657266,0.5445442712125778,False,-0.019367120246851166,market_residual
EOG,Energy,10,20,0.42973661492355325,0.5727047182808035,True,-0.14296810335725024,market_residual
EQT,Energy,10,20,0.17658688556756963,0.27792129669287163,True,-0.101334411125302,market_residual
EFX,Industrials,10,78,0.18008843568427108,-0.04423756072661762,True,0.22432599641088868,market_residual
EQIX,Real Estate,9,28,-0.03244926509551219,0.10896849775108589,True,-0.14141776284659807,market_residual
ERIE,Financials,10,74,0.24237145139238875,0.13211685175416035,True,0.1102545996382284,market_residual
ESS,Real Estate,8,28,0.44248970222659756,0.3211083597751842,False,0.12138134245141335,market_residual
EL,Consumer Staples,10,35,0.0678950482207034,0.04434413949445583,True,0.02355090872624757,market_residual
EG,Financials,10,74,0.44338725841059085,0.1392923111929639,True,0.304094947217627,market_residual
EVRG,Utilities,10,30,0.5717734304411204,0.5730769538567322,True,-0.0013035234156117959,market_residual
ES,Utilities,10,30,0.48181406162249524,0.43351532623597505,False,0.048298735386520186,market_residual
EXC,Utilities,10,30,0.3539211266507003,0.5335894148141836,True,-0.17966828816348335,market_residual
EXE,Energy,10,20,0.2078847592656902,0.27982463158632104,True,-0.07193987232063084,market_residual
EXPE,Consumer Discretionary,10,47,0.11978953660831049,0.09707552060537113,True,0.02271401600293936,market_residual
EXPD,Industrials,9,78,0.07465104851851294,0.02800343153914525,True,0.04664761697936769,market_residual
EXR,Real Estate,10,28,0.24091752104438338,0.29413334850864764,True,-0.05321582746426426,market_residual
XOM,Energy,10,20,0.4506363313431049,0.5550158465269149,True,-0.10437951518381006,market_residual
FFIV,Information Technology,10,70,0.18385439072390777,0.11763992603891256,True,0.06621446468499521,market_residual
FDS,Financials,10,74,0.07045083601140718,0.09009016776528339,True,-0.019639331753876207,market_residual
FICO,Information Technology,10,70,0.14055479187845082,0.016675597874483066,True,0.12387919400396775,market_residual
FAST,Industrials,10,78,0.13526362149975216,0.08939859842230846,True,0.045865023077443695,market_residual
FRT,Real Estate,10,28,0.34540850751672353,0.3440478152986802,True,0.0013606922180433023,market_residual
FDX,Industrials,9,78,0.1744034040354131,0.07811248896657484,True,0.09629091506883826,market_residual
FIS,Financials,10,74,0.0809359345128737,0.13471961261887072,True,-0.05378367810599702,market_residual
FITB,Financials,10,74,0.5416615155617516,0.20244276746455428,False,0.3392187480971973,market_residual
FSLR,Information Technology,10,70,0.04066615026714748,0.07278267090747255,True,-0.032116520640325066,market_residual
FE,Utilities,10,30,0.6296711764340376,0.5273937435169068,False,0.10227743291713076,market_residual
F,Consumer Discretionary,10,47,0.03698203657687463,0.03597789633835024,True,0.0010041402385243883,market_residual
FTNT,Information Technology,10,70,0.3093959100811573,0.14237464224917326,True,0.16702126783198404,market_residual
FTV,Industrials,10,78,0.07457385987963523,0.056264708757547334,True,0.018309151122087898,market_residual
FOXA,Communication Services,9,17,0.13550952830743396,0.06040940989019465,True,0.0751001184172393,market_residual
BEN,Financials,10,74,0.13253122606538556,0.16146963386655208,True,-0.02893840780116652,market_residual
FCX,Materials,9,25,-0.0127984325944059,0.08519595435237312,True,-0.09799438694677902,market_residual
GRMN,Consumer Discretionary,10,47,0.02636563798267096,0.01459714336313288,True,0.01176849461953808,market_residual
IT,Information Technology,10,70,0.14475200688621284,0.06205625510498262,True,0.08269575178123023,market_residual
GE,Industrials,10,78,0.1279303226685617,0.08598635645915143,True,0.041943966209410266,market_residual
GEHC,Health Care,10,58,0.011191323069164535,0.09571174813637497,True,-0.08452042506721043,market_residual
GEV,Industrials,10,78,0.11592608645230051,0.05671338086963066,True,0.059212705582669854,market_residual
GEN,Information Technology,9,70,-0.015381859926313333,0.0980173294592583,True,-0.11339918938557163,market_residual
GNRC,Industrials,10,78,0.19406087528443886,0.06365743722605202,True,0.13040343805838683,market_residual
GD,Industrials,10,78,0.19404911510182293,0.03647877828563117,True,0.15757033681619176,market_residual
GIS,Consumer Staples,10,35,0.5253385236559815,0.33917883564861206,True,0.18615968800736948,market_residual
GM,Consumer Discretionary,10,47,0.07933605908518829,0.07322915492055257,True,0.006106904164635718,market_residual
GPC,Consumer Discretionary,10,47,0.12683920812974953,0.09016694649793469,True,0.036672261631814834,market_residual
GILD,Health Care,10,58,0.22612170072087806,0.10893265953679511,False,0.11718904118408295,market_residual
GPN,Financials,10,74,0.16654975878050118,0.11569358488660368,True,0.0508561738938975,market_residual
GL,Financials,10,74,0.39739431078857884,0.17674272728936474,False,0.2206515834992141,market_residual
GDDY,Information Technology,10,70,0.3265824791751505,0.0322271570886808,True,0.2943553220864697,market_residual
GS,Financials,10,74,0.3537620368044563,0.09819717318222503,True,0.25556486362223124,market_residual
HAL,Energy,10,20,0.18216348597823792,0.4747474951295937,True,-0.29258400915135574,market_residual
HIG,Financials,10,74,0.5575281797974878,0.22678279834674736,False,0.33074538145074045,market_residual
HAS,Consumer Discretionary,10,47,-0.02313210239143801,0.034234166547507175,True,-0.057366268938945184,market_residual
HCA,Health Care,10,58,0.126309230764851,0.07447159184347195,True,0.05183763892137906,market_residual
DOC,Real Estate,9,28,0.12641144821235098,0.23425338261428924,True,-0.10784193440193826,market_residual
HSIC,Health Care,10,58,0.12178618890702561,0.09829899713109647,True,0.023487191775929145,market_residual
HSY,Consumer Staples,10,35,0.3144585054537643,0.23708560714596869,True,0.07737289830779562,market_residual
HPE,Information Technology,10,70,0.2076296316822833,0.16365087890069951,True,0.04397875278158378,market_residual
HLT,Consumer Discretionary,10,47,0.19521102373365162,0.13095107434173736,True,0.06425994939191426,market_residual
HD,Consumer Discretionary,10,47,0.29307212344757877,0.17929865374838364,True,0.11377346969919513,market_residual
HON,Industrials,10,78,0.12267498783100628,0.0713832549966656,True,0.05129173283434067,market_residual
HRL,Consumer Staples,10,35,0.3018553419694411,0.2404808387334723,False,0.06137450323596877,market_residual
HST,Real Estate,10,28,0.16565384284624202,0.08516850611103602,True,0.080485336735206,market_residual
HWM,Industrials,10,78,0.23302782172239186,0.08455890304041919,True,0.14846891868197268,market_residual
HPQ,Information Technology,10,70,0.17940082368623986,0.07655203453994434,True,0.10284878914629551,market_residual
HUBB,Industrials,10,78,0.24019589078498088,0.10637741004112573,True,0.13381848074385516,market_residual
HUM,Health Care,10,58,0.1889310556390826,0.052112107514242105,True,0.1368189481248405,market_residual
HBAN,Financials,10,74,0.4876805439038061,0.207382200648223,False,0.2802983432555831,market_residual
HII,Industrials,10,78,0.07182742047082076,0.06593448213872057,True,0.005892938332100195,market_residual
IBM,Information Technology,10,70,0.23506148949507227,0.09940443569754565,True,0.13565705379752663,market_residual
IEX,Industrials,10,78,0.22561036101613507,0.12041424407475028,True,0.1051961169413848,market_residual
IDXX,Health Care,10,58,0.07278512447107323,0.0831805606118583,True,-0.010395436140785072,market_residual
ITW,Industrials,10,78,0.31579876247429767,0.1527741122193981,True,0.16302465025489957,market_residual
INCY,Health Care,10,58,0.23516849061078604,0.11047286477833934,False,0.1246956258324467,market_residual
IR,Industrials,10,78,0.29120220674853703,0.14840638747284715,True,0.14279581927568988,market_residual
PODD,Health Care,10,58,0.07071360820702244,0.1239439907408864,False,-0.05323038253386396,market_residual
INTC,Information Technology,10,70,0.19743578989807084,0.10712126483477766,True,0.09031452506329318,market_residual
IBKR,Financials,10,74,0.14362290988886484,0.03161605896912499,True,0.11200685091973984,market_residual
ICE,Financials,10,74,0.16319939088931035,0.15976070315066637,True,0.003438687738643975,market_residual
IFF,Materials,10,25,0.1514458522155529,0.15737853549257172,True,-0.005932683277018819,market_residual
IP,Materials,10,25,0.20164780241662875,0.15452377596478514,True,0.047124026451843604,market_residual
INTU,Information Technology,10,70,0.18504429163547823,0.104775000099501,True,0.08026929153597723,market_residual
ISRG,Health Care,10,58,0.14553395126806185,0.09551961557513447,True,0.050014335692927375,market_residual
IVZ,Financials,10,74,0.2851498999191688,0.10818588929404079,True,0.176964010625128,market_residual
INVH,Real Estate,8,28,0.3161091282769813,0.3327488982337381,True,-0.01663976995675681,market_residual
IQV,Health Care,10,58,0.20947400364069396,0.1323662010776208,True,0.07710780256307317,market_residual
IRM,Real Estate,10,28,-0.022918132710588845,0.12314244602797696,True,-0.14606057873856582,market_residual
JBHT,Industrials,10,78,0.09282835315506754,0.0654806600153108,True,0.02734769313975674,market_residual
JBL,Information Technology,10,70,-0.007858622965911435,0.12864516294493406,True,-0.1365037859108455,market_residual
JKHY,Financials,10,74,0.052285969417464405,0.1007361340513497,True,-0.04845016463388529,market_residual
J,Industrials,10,78,-0.01222053960212437,0.010615339501104652,True,-0.022835879103229022,market_residual
JNJ,Health Care,10,58,0.20172304945074937,0.14652012211886659,True,0.055202927331882784,market_residual
JCI,Industrials,10,78,0.1228669639370134,0.11528271418707899,True,0.0075842497499344075,market_residual
JPM,Financials,10,74,0.4321899050204494,0.18576220767512308,False,0.24642769734532632,market_residual
KVUE,Consumer Staples,10,35,0.10110294183787331,0.16172022993992288,True,-0.06061728810204957,market_residual
KDP,Consumer Staples,10,35,0.31175607748403084,0.25505450740252505,True,0.05670157008150578,market_residual
KEY,Financials,10,74,0.5674749191455414,0.22576815379100398,False,0.34170676535453737,market_residual
KEYS,Information Technology,10,70,0.010752061565821949,0.09835268453253107,True,-0.08760062296670912,market_residual
KMB,Consumer Staples,10,35,0.2912887352616577,0.26161077174283753,True,0.029677963518820183,market_residual
KIM,Real Estate,9,28,0.2638746821584869,0.34827844779284683,True,-0.08440376563435992,market_residual
KMI,Energy,10,20,0.36609748849903884,0.3351793812778124,True,0.030918107221226454,market_residual
KKR,Financials,10,74,0.3208183197332313,0.18170332277369736,True,0.13911499695953397,market_residual
KLAC,Information Technology,9,70,0.16007114897010544,0.14728666116450126,True,0.012784487805604178,market_residual
KHC,Consumer Staples,10,35,0.4265799880780114,0.2942517090331836,True,0.1323282790448278,market_residual
KR,Consumer Staples,10,35,0.2740118917367166,0.21143381227525146,True,0.06257807946146512,market_residual
LHX,Industrials,10,78,0.22484127285801186,0.06609888820700813,True,0.15874238465100374,market_residual
LH,Health Care,10,58,0.21067883272184593,0.11587328811677103,False,0.0948055446050749,market_residual
LRCX,Information Technology,9,70,0.14044835286665025,0.14667605676299572,True,-0.006227703896345471,market_residual
LVS,Consumer Discretionary,10,47,0.0435539763204067,0.032079252941611194,True,0.011474723378795508,market_residual
LDOS,Industrials,10,78,0.14468686918700013,-0.00799509693307859,True,0.15268196612007873,market_residual
LEN,Consumer Discretionary,10,47,0.27215252408452406,0.1381099991552394,True,0.13404252492928467,market_residual
LII,Industrials,10,78,0.33631715069294565,0.14600668833037475,False,0.1903104623625709,market_residual
LLY,Health Care,10,58,0.27323269724326316,0.10319889552377871,False,0.17003380171948446,market_residual
LIN,Materials,10,25,0.15144281219505007,0.14121876515282203,True,0.01022404704222804,market_residual
LYV,Communication Services,9,17,0.029161771413465487,0.026329889948442917,True,0.0028318814650225704,market_residual
LMT,Industrials,10,78,0.30667413476001804,0.046482636159731465,True,0.26019149860028656,market_residual
L,Financials,10,74,0.47759773158015645,0.18410652419293114,True,0.29349120738722534,market_residual
LOW,Consumer Discretionary,10,47,0.27336089150287857,0.17372909676551998,True,0.09963179473735859,market_residual
LULU,Consumer Discretionary,10,47,0.08652919958540797,0.08254051183853096,True,0.003988687746877009,market_residual
LITE,Information Technology,10,70,0.257126270459205,0.12427852330671801,True,0.13284774715248698,market_residual
LYB,Materials,10,25,0.23263045294250553,0.0750981857048622,True,0.15753226723764335,market_residual
MTB,Financials,10,74,0.595307343905135,0.21385913591960656,False,0.38144820798552836,market_residual
MPC,Energy,10,20,0.36957016482831884,0.4694904329617106,True,-0.09992026813339178,market_residual
MAR,Consumer Discretionary,10,47,0.18229970022936381,0.13361695736267556,True,0.04868274286668825,market_residual
MRSH,Financials,10,74,0.36967779924719607,0.2029670077604405,True,0.16671079148675558,market_residual
MLM,Materials,10,25,0.10099021061424222,0.13716888799066404,True,-0.03617867737642182,market_residual
MAS,Industrials,10,78,0.3204089761019707,0.07854813085850243,True,0.2418608452434683,market_residual
MA,Financials,10,74,0.27805213895367487,0.21016136528468582,True,0.06789077366898905,market_residual
MKC,Consumer Staples,10,35,0.3412708617193065,0.28207638174569877,True,0.059194479973607717,market_residual
MCD,Consumer Discretionary,10,47,0.27820565623044613,0.11776546066958199,True,0.16044019556086414,market_residual
MCK,Health Care,10,58,0.2385167558938031,0.09433733162476321,True,0.1441794242690399,market_residual
MDT,Health Care,10,58,0.24424087372392372,0.1768554237781734,True,0.06738544994575033,market_residual
MRK,Health Care,10,58,0.3430022974297736,0.18149324708370482,False,0.1615090503460688,market_residual
META,Communication Services,10,17,0.12879155088127459,-0.0027520987825517713,True,0.13154364966382637,market_residual
MET,Financials,10,74,0.35924082170282323,0.2514208239911203,True,0.10781999771170292,market_residual
MTD,Health Care,10,58,0.12171781975253407,0.1316872468098718,True,-0.00996942705733772,market_residual
MGM,Consumer Discretionary,10,47,0.15614552541190235,0.05748609583872637,True,0.09865942957317599,market_residual
MCHP,Information Technology,10,70,0.33851103859911275,0.09646778968303875,False,0.24204324891607398,market_residual
MU,Information Technology,10,70,0.3610846863559547,0.16050432296771278,False,0.20058036338824192,market_residual
MSFT,Information Technology,10,70,0.30062740162246665,0.13557538706708955,True,0.1650520145553771,market_residual
MAA,Real Estate,8,28,0.46295818615912326,0.34686808106413286,False,0.1160901050949904,market_residual
MRNA,Health Care,10,58,0.1349252406081753,0.04872273505464797,False,0.08620250555352732,market_residual
TAP,Consumer Staples,10,35,0.39110276767466756,0.27770640317384004,True,0.11339636450082752,market_residual
MDLZ,Consumer Staples,10,35,0.4018606947787742,0.31183234660264614,True,0.09002834817612804,market_residual
MPWR,Information Technology,10,70,0.34317337355236155,0.14056633094709736,True,0.2026070426052642,market_residual
MNST,Consumer Staples,10,35,0.18097352885143042,0.1474589959901648,True,0.03351453286126563,market_residual
MCO,Financials,10,74,0.22222222838394107,0.15549511190238052,True,0.06672711648156054,market_residual
MS,Financials,10,74,0.45255623038232695,0.1470873773538856,False,0.30546885302844135,market_residual
MOS,Materials,10,25,0.05819603951072709,0.12949430570090087,True,-0.07129826619017378,market_residual
MSI,Information Technology,10,70,0.03170184409153917,-0.042963583769342305,True,0.07466542786088148,market_residual
MSCI,Financials,10,74,0.2464916780680663,0.1268010346780392,True,0.11969064339002711,market_residual
NDAQ,Financials,10,74,0.17279704958727185,0.14172902895981454,True,0.03106802062745731,market_residual
NTAP,Information Technology,10,70,0.22746626205108358,0.16493096750516384,True,0.06253529454591975,market_residual
NFLX,Communication Services,9,17,0.056822830928580724,0.0825228015114921,True,-0.02569997058291138,market_residual
NEM,Materials,10,25,0.009572061182028605,0.0673009254145494,True,-0.0577288642325208,market_residual
NWSA,Communication Services,10,17,0.1443062424953568,0.12844763710933663,True,0.015858605386020186,market_residual
NEE,Utilities,10,30,0.3625063810376623,0.3863789419961472,False,-0.02387256095848489,market_residual
NKE,Consumer Discretionary,10,47,0.08532857062670204,0.09704040890705891,True,-0.011711838280356865,market_residual
NI,Utilities,10,30,0.5988371021768788,0.5267992081117572,False,0.07203789406512162,market_residual
NDSN,Industrials,10,78,0.24189534813238672,0.11702112211736047,True,0.12487422601502625,market_residual
NSC,Industrials,10,78,0.24599096889459293,0.08630848181407558,True,0.15968248708051735,market_residual
NTRS,Financials,10,74,0.38689323027156197,0.17578725567659256,True,0.2111059745949694,market_residual
NOC,Industrials,10,78,0.3051599143747638,0.044837122707876556,True,0.26032279166688727,market_residual
NCLH,Consumer Discretionary,10,47,0.21816195412298836,0.10722452518787882,True,0.11093742893510954,market_residual
NRG,Utilities,10,30,0.1785568581728055,0.18111228750955036,True,-0.002555429336744852,market_residual
NUE,Materials,10,25,0.13416913994175836,0.12698757813573353,True,0.007181561806024833,market_residual
NVDA,Information Technology,10,70,0.25978344871366493,0.1650843112761112,True,0.09469913743755373,market_residual
NVR,Consumer Discretionary,9,47,0.08986666651427147,0.16955240897816,True,-0.07968574246388854,market_residual
NXPI,Information Technology,9,70,0.20129723467187563,0.11602726124145367,True,0.08526997343042196,market_residual
ORLY,Consumer Discretionary,10,47,0.09450496469204181,0.04956745904193822,True,0.04493750565010359,market_residual
OXY,Energy,10,20,0.5322201432297977,0.5299754414816208,True,0.002244701748176925,market_residual
ODFL,Industrials,9,78,0.23846056248337774,0.07865395235482188,True,0.15980661012855585,market_residual
OMC,Communication Services,10,17,0.04503613397573095,0.06508291506731956,True,-0.020046781091588604,market_residual
ON,Information Technology,9,70,0.41921829688833634,0.11860335192085765,False,0.3006149449674787,market_residual
OKE,Energy,10,20,0.3567471136649583,0.5003905922159488,True,-0.14364347855099052,market_residual
ORCL,Information Technology,10,70,0.25117588792453954,0.15554882247318935,False,0.09562706545135019,market_residual
OTIS,Industrials,9,78,0.07112047277238248,0.05772096013286193,True,0.01339951263952055,market_residual
PCAR,Industrials,10,78,0.039467040302088634,0.09733009711735201,True,-0.057863056815263374,market_residual
PKG,Materials,10,25,0.16639942307234482,0.17136886425796874,True,-0.004969441185623924,market_residual
PLTR,Information Technology,10,70,0.2743377661304811,0.13992919426339104,True,0.13440857186709007,market_residual
PANW,Information Technology,10,70,0.3891574341001526,0.16638381111443276,False,0.22277362298571982,market_residual
PSKY,Communication Services,9,17,0.11273551977154223,0.08914992607679935,True,0.023585593694742876,market_residual
PH,Industrials,10,78,0.2309662402676483,0.14448261240909646,True,0.08648362785855185,market_residual
PAYX,Industrials,10,78,0.25919998439590736,-0.10264452988740487,True,0.3618445142833122,market_residual
PYPL,Financials,10,74,0.13314208124888222,0.04400877841390179,True,0.08913330283498042,market_residual
PNR,Industrials,10,78,0.18437938791676417,0.06808420931027823,True,0.11629517860648594,market_residual
PEP,Consumer Staples,10,35,0.33848628883801485,0.3148444003847236,True,0.023641888453291238,market_residual
PFE,Health Care,10,58,0.3326251553518893,0.13043048298290644,False,0.20219467236898286,market_residual
PCG,Utilities,10,30,0.37819333912021735,0.3989977150773055,False,-0.020804375957088173,market_residual
PM,Consumer Staples,10,35,0.11371883247509962,0.15564765230276117,True,-0.041928819827661556,market_residual
PSX,Energy,10,20,0.3890992047062221,0.5005872687894668,True,-0.11148806408324469,market_residual
PNW,Utilities,10,30,0.33515879735765025,0.5642653963443407,True,-0.22910659898669045,market_residual
PNC,Financials,10,74,0.44771355986064343,0.22287081301827127,False,0.22484274684237215,market_residual
POOL,Consumer Discretionary,10,47,0.12258332449285687,0.09954458313654753,True,0.023038741356309345,market_residual
PPG,Materials,9,25,0.11541225253542257,0.20386371675155107,True,-0.0884514642161285,market_residual
PPL,Utilities,10,30,0.5098870568954796,0.49594665040527536,False,0.013940406490204282,market_residual
PFG,Financials,10,74,0.3367959457033714,0.2110120060038095,False,0.1257839396995619,market_residual
PG,Consumer Staples,10,35,0.40478631376014923,0.3057791148103352,True,0.09900719894981402,market_residual
PGR,Financials,10,74,0.46837883662646834,0.16482617822331017,True,0.30355265840315815,market_residual
PLD,Real Estate,10,28,0.1966176143688027,0.2950664981685264,True,-0.09844888379972372,market_residual
PRU,Financials,10,74,0.26902200565051726,0.2000737560212319,True,0.06894824962928536,market_residual
PEG,Utilities,10,30,0.542675993137048,0.5137654843596713,False,0.028910508777376664,market_residual
PTC,Information Technology,10,70,0.2162217915202965,0.06506903348139954,True,0.15115275803889694,market_residual
PSA,Real Estate,9,28,0.33298947185513345,0.29299693130479626,True,0.039992540550337186,market_residual
PHM,Consumer Discretionary,9,47,0.13321369037599856,0.15430784373665002,True,-0.021094153360651458,market_residual
PWR,Industrials,10,78,0.13718650829619913,0.07122688563531983,True,0.0659596226608793,market_residual
QCOM,Information Technology,9,70,0.07150060118425856,0.12571210252161463,True,-0.05421150133735607,market_residual
DGX,Health Care,10,58,0.2108125903666953,0.11390401267898626,False,0.09690857768770905,market_residual
RL,Consumer Discretionary,10,47,0.04662997003624918,0.09063513820034642,True,-0.04400516816409725,market_residual
RJF,Financials,10,74,0.3488208066128001,0.19914464127555045,False,0.14967616533724967,market_residual
RTX,Industrials,10,78,0.3233662481578391,0.06018325275812234,True,0.26318299539971673,market_residual
O,Real Estate,9,28,0.10079891446548048,0.30162009467227163,True,-0.20082118020679116,market_residual
REG,Real Estate,9,28,0.3779201583041665,0.34488023619945773,True,0.03303992210470874,market_residual
REGN,Health Care,10,58,0.3030593839511832,0.12178369560819977,False,0.18127568834298344,market_residual
RF,Financials,10,74,0.4818367425629063,0.22462285465627513,False,0.2572138879066312,market_residual
RSG,Industrials,10,78,0.11527902222217343,-0.007422334945321282,True,0.12270135716749471,market_residual
RMD,Health Care,10,58,0.1500950462994507,0.15250446008988222,True,-0.002409413790431525,market_residual
RVTY,Health Care,10,58,0.09179605335085657,0.11539328307171429,False,-0.023597229720857718,market_residual
HOOD,Financials,10,74,0.16096379745589343,0.012847118937627454,True,0.14811667851826596,market_residual
ROK,Industrials,10,78,0.16199256282751576,0.09504296056669356,True,0.0669496022608222,market_residual
ROL,Industrials,10,78,0.03420240547677821,0.013838238786866769,True,0.020364166689911443,market_residual
ROP,Information Technology,10,70,0.11354514370708349,0.01254574538364317,True,0.10099939832344032,market_residual
ROST,Consumer Discretionary,10,47,0.12699808359522094,0.07580103640895378,True,0.051197047186267164,market_residual
RCL,Consumer Discretionary,10,47,0.21779284688931905,0.09054512351315465,True,0.1272477233761644,market_residual
SPGI,Financials,10,74,0.31474754980027814,0.1619198830321928,True,0.15282766676808535,market_residual
CRM,Information Technology,10,70,0.3921977483055544,0.13617207627807937,True,0.256025672027475,market_residual
SNDK,Information Technology,10,70,0.25688690787630303,0.11926655133143202,True,0.137620356544871,market_residual
SBAC,Real Estate,9,28,0.09016280634423418,0.2199438884837012,True,-0.129781082139467,market_residual
SLB,Energy,10,20,0.17702267501016142,0.38424841867870163,True,-0.2072257436685402,market_residual
STX,Information Technology,10,70,0.2885558538937502,0.1382434916382729,True,0.1503123622554773,market_residual
SRE,Utilities,10,30,0.531652332371177,0.5162101859802607,False,0.015442146390916345,market_residual
NOW,Information Technology,10,70,0.5495477886795979,0.13937651986660393,True,0.4101712688129939,market_residual
SHW,Materials,10,25,0.2656828157479652,0.1555899666393063,True,0.11009284910865891,market_residual
SPG,Real Estate,9,28,0.34906270227524544,0.2859129074948409,True,0.06314979478040456,market_residual
SWKS,Information Technology,10,70,0.14267199353593885,0.0939453910312564,True,0.04872660250468244,market_residual
SJM,Consumer Staples,10,35,0.37667140726209153,0.2701263232769687,True,0.1065450839851228,market_residual
SW,Materials,10,25,0.1961348045571183,0.19021550044355848,True,0.0059193041135598146,market_residual
SNA,Industrials,10,78,0.14100256113994794,0.12510906420596696,True,0.015893496933980983,market_residual
SOLV,Health Care,10,58,0.12842461166776817,0.11495900797858438,True,0.013465603689183786,market_residual
SO,Utilities,10,30,0.5609877311588544,0.5670897418626972,False,-0.006102010703842864,market_residual
LUV,Industrials,9,78,0.2518710055257792,0.03617457033514637,True,0.2156964351906328,market_residual
SWK,Industrials,10,78,0.2201799055901068,0.11110568569587297,True,0.10907421989423384,market_residual
SBUX,Consumer Discretionary,10,47,0.13838732286099492,0.05493096211052872,True,0.0834563607504662,market_residual
STT,Financials,10,74,0.34215023020441515,0.1841719701560053,True,0.15797826004840984,market_residual
STLD,Materials,10,25,0.11693741932322599,0.1218989732266588,True,-0.004961553903432808,market_residual
STE,Health Care,10,58,0.0029780188650895267,0.12553707547823342,True,-0.1225590566131439,market_residual
SYK,Health Care,10,58,0.2692551659559689,0.17613909200353478,True,0.0931160739524341,market_residual
SMCI,Information Technology,10,70,0.2808307369981301,0.1111260629549252,True,0.16970467404320488,market_residual
SYF,Financials,10,74,0.2746845973355529,0.18866990417541846,True,0.08601469316013444,market_residual
SNPS,Information Technology,10,70,0.17237573270405038,0.11300281594217218,True,0.0593729167618782,market_residual
SYY,Consumer Staples,10,35,0.166233511121615,0.14969172362215827,True,0.016541787499456728,market_residual
TMUS,Communication Services,10,17,0.10807747635079794,0.09034961240714877,True,0.01772786394364917,market_residual
TROW,Financials,10,74,0.11869899559879131,0.1359477171298967,True,-0.01724872153110539,market_residual
TTWO,Communication Services,9,17,0.1890713278052668,0.04663521632659499,True,0.14243611147867183,market_residual
TPR,Consumer Discretionary,10,47,0.05709869053051268,0.031756285713494516,True,0.025342404817018167,market_residual
TRGP,Energy,10,20,0.3930468334914156,0.4711385361436369,True,-0.07809170265222126,market_residual
TGT,Consumer Staples,10,35,0.1909505988345235,0.16803123334852116,True,0.022919365486002347,market_residual
TEL,Information Technology,10,70,0.15334715297754853,0.056072529153805305,True,0.09727462382374322,market_residual
TDY,Information Technology,10,70,0.14634160927496462,0.01251091350583266,True,0.13383069576913195,market_residual
TER,Information Technology,10,70,0.2059750317178187,0.09347487322498224,True,0.11250015849283646,market_residual
TSLA,Consumer Discretionary,10,47,0.032499491285804316,-0.03106396733607041,True,0.06356345862187472,market_residual
TXN,Information Technology,10,70,0.36767134576956134,0.044602733306535206,True,0.32306861246302615,market_residual
TPL,Energy,10,20,0.18114450943969165,0.2930978124868754,True,-0.11195330304718373,market_residual
TXT,Industrials,10,78,0.10763673859612559,0.09068770084580989,True,0.0169490377503157,market_residual
TMO,Health Care,10,58,0.33532887401247224,0.16366704011804217,False,0.17166183389443007,market_residual
TJX,Consumer Discretionary,10,47,0.07915147948484923,0.12399693325603328,True,-0.044845453771184055,market_residual
TKO,Communication Services,10,17,0.05996329972578862,0.056240580221186394,True,0.0037227195046022274,market_residual
TTD,Communication Services,10,17,0.045840772703836595,0.052380397570381085,True,-0.00653962486654449,market_residual
TSCO,Consumer Discretionary,10,47,0.099219733362574,0.08149055952502703,True,0.017729173837546977,market_residual
TT,Industrials,10,78,0.34492803639326935,0.14572621954751444,True,0.19920181684575491,market_residual
TDG,Industrials,10,78,0.05302754802039942,0.024642752399326763,False,0.028384795621072656,market_residual
TRV,Financials,10,74,0.4415711548263454,0.18890208250460103,False,0.2526690723217444,market_residual
TRMB,Information Technology,10,70,0.21503900342794063,0.13393000463078766,True,0.08110899879715297,market_residual
TFC,Financials,10,74,0.5579969892330966,0.20351670806933314,False,0.35448028116376346,market_residual
TYL,Information Technology,10,70,0.25589810571155536,0.01792423631732153,False,0.23797386939423382,market_residual
TSN,Consumer Staples,10,35,0.21956461467921534,0.18413318849557056,True,0.03543142618364478,market_residual
USB,Financials,10,74,0.6190960363542778,0.22232437622000048,False,0.39677166013427734,market_residual
UBER,Industrials,10,78,0.019583444736545268,-0.012460548565031855,True,0.032043993301577124,market_residual
UDR,Real Estate,8,28,0.3246244810453937,0.3430919710393662,True,-0.018467489993972463,market_residual
ULTA,Consumer Discretionary,10,47,-0.0018211737874755801,0.04922143670766055,True,-0.05104261049513613,market_residual
UNP,Industrials,9,78,0.2514247780386479,0.0829220574159364,True,0.1685027206227115,market_residual
UAL,Industrials,10,78,0.15022462887978877,0.032203290878905375,True,0.1180213380008834,market_residual
UPS,Industrials,9,78,0.10201471172596227,0.07003168900571893,True,0.03198302272024334,market_residual
URI,Industrials,10,78,0.05448549005182991,0.07765673602117427,True,-0.023171245969344362,market_residual
UNH,Health Care,10,58,0.2663211765550938,0.06144251356174528,True,0.2048786629933485,market_residual
UHS,Health Care,10,58,0.1704633035325696,0.06337860907690562,False,0.10708469445566399,market_residual
VLO,Energy,10,20,0.32223252935202784,0.4464382249639566,True,-0.12420569561192873,market_residual
VEEV,Health Care,10,58,0.07569019873024857,-0.0016576699976887234,True,0.0773478687279373,market_residual
VTR,Real Estate,8,28,0.3403321677235337,0.25640561799326017,True,0.08392654973027353,market_residual
VLTO,Industrials,9,78,0.012744137136261345,0.003269974978844934,True,0.009474162157416411,market_residual
VRSN,Information Technology,10,70,0.15149838231102358,-0.0028339722785496063,True,0.1543323545895732,market_residual
VRSK,Industrials,10,78,0.2034922902667383,-0.07117041115581402,True,0.27466270142255234,market_residual
VZ,Communication Services,9,17,0.1377143896577665,0.08586276174626939,True,0.05185162791149711,market_residual
VRTX,Health Care,10,58,0.22983387603410838,0.06940810912730896,False,0.1604257669067994,market_residual
VRT,Industrials,10,78,0.17670159406285577,0.052225931950447016,True,0.12447566211240875,market_residual
VTRS,Health Care,10,58,0.16898271605089707,0.08324775065043778,False,0.08573496540045929,market_residual
VICI,Real Estate,9,28,0.23486204359769244,0.3150481123097145,True,-0.08018606871202208,market_residual
V,Financials,10,74,0.2984908684884917,0.19019480748376422,True,0.1082960610047275,market_residual
VST,Utilities,10,30,0.07874640004214858,0.1111241820117303,True,-0.032377781969581715,market_residual
VMC,Materials,10,25,0.1740935095189977,0.11995092165508633,True,0.05414258786391138,market_residual
WRB,Financials,10,74,0.5064011867265331,0.15862978000941313,True,0.34777140671712,market_residual
GWW,Industrials,10,78,0.0402234446336595,0.0885849663626395,True,-0.048361521728980006,market_residual
WAB,Industrials,10,78,0.2347153539616408,0.1515463397998517,True,0.08316901416178912,market_residual
WMT,Consumer Staples,10,35,0.15632823387455883,0.1864512998183348,True,-0.03012306594377598,market_residual
DIS,Communication Services,10,17,0.09485406099733955,0.1006555332402964,True,-0.005801472242956851,market_residual
WBD,Communication Services,10,17,0.02245795935606838,0.028437535591450985,True,-0.005979576235382606,market_residual
WM,Industrials,10,78,0.06175169583463878,-0.008031891178800262,True,0.06978358701343904,market_residual
WAT,Health Care,10,58,0.2778664362128232,0.11150961668120143,True,0.16635681953162176,market_residual
WEC,Utilities,10,30,0.6701049133639961,0.6029167152911247,False,0.06718819807287146,market_residual
WFC,Financials,10,74,0.4461987421983042,0.2049155188523708,False,0.24128322334593338,market_residual
WELL,Real Estate,9,28,0.20556191908495633,0.2595080463355542,True,-0.05394612725059786,market_residual
WST,Health Care,10,58,0.07974266102526001,0.06515545845993659,True,0.01458720256532342,market_residual
WDC,Information Technology,10,70,0.2411281404121138,0.13362364975525962,True,0.10750449065685419,market_residual
WY,Real Estate,10,28,0.17564973212296114,0.16223359556756814,True,0.013416136555393005,market_residual
WSM,Consumer Discretionary,10,47,0.005157048351944998,0.10372408599082739,True,-0.09856703763888239,market_residual
WMB,Energy,10,20,0.360858887514838,0.28654354492726675,True,0.07431534258757128,market_residual
WTW,Financials,10,74,0.12090820667782134,0.17153941556195834,True,-0.050631208884137,market_residual
WDAY,Information Technology,10,70,0.4951248079249555,0.10026378511021228,True,0.3948610228147432,market_residual
WYNN,Consumer Discretionary,10,47,0.18271273802895754,0.08721760875588326,True,0.09549512927307428,market_residual
XEL,Utilities,10,30,0.5637592470047965,0.539263792112331,False,0.024495454892465518,market_residual
XYL,Industrials,10,78,0.13898163156354154,0.11005084115108558,True,0.028930790412455956,market_residual
YUM,Consumer Discretionary,10,47,0.21823571114501164,0.09139067899722225,True,0.1268450321477894,market_residual
ZBRA,Information Technology,10,70,0.05988390505538769,0.06556997408940746,True,-0.005686069034019768,market_residual
ZBH,Health Care,10,58,0.14983533978734379,0.13560494031083287,True,0.014230399476510919,market_residual
ZTS,Health Care,10,58,0.09583089452757011,0.05834609423887233,True,0.03748480028869778,market_residual
