sector,Communication Services,Consumer Discretionary,Consumer Staples,Energy,Financials,Health Care,Industrials,Information Technology,Materials,Real Estate,Utilities
Communication Services,51.7,10.9,0.0,0.0,8.3,2.2,4.3,20.0,0.0,2.2,0.4
Consumer Discretionary,2.5,35.6,20.4,0.4,6.5,1.2,13.1,5.2,2.1,10.8,2.1
Consumer Staples,0.3,8.9,75.6,2.5,0.6,4.2,1.4,0.0,5.6,0.3,0.8
Energy,0.0,0.5,1.4,61.4,0.5,0.0,11.9,0.5,1.0,0.0,22.9
Financials,0.3,2.0,0.4,0.4,83.5,1.3,6.1,2.0,0.3,2.8,0.9
Health Care,0.3,0.5,1.9,0.0,2.7,84.4,6.4,2.7,0.7,0.3,0.0
Industrials,0.2,7.4,2.5,4.5,8.2,4.4,51.6,10.6,3.5,1.5,5.5
Information Technology,4.0,3.5,0.1,0.0,3.2,2.9,14.7,66.8,1.5,1.4,1.8
Materials,0.0,5.4,17.7,9.6,0.4,7.3,24.2,6.9,24.6,0.4,3.5
Real Estate,2.9,8.4,0.3,0.6,10.3,1.0,2.9,2.3,0.0,70.3,1.0
Utilities,0.0,1.0,0.3,3.9,0.3,0.3,2.9,0.3,0.0,0.3,90.6
