,Communication Services,Consumer Discretionary,Consumer Staples,Energy,Financials,Health Care,Industrials,Information Technology,Materials,Real Estate,Utilities
Communication Services,0.0005,0.7581,0.0035,0.004,0.0125,0.0005,0.0005,0.0145,0.0025,0.0145,0.0285
Consumer Discretionary,0.1349,0.0005,0.0005,0.0005,0.0005,0.0005,0.086,0.0005,0.1914,0.0005,0.0555
Consumer Staples,0.0005,0.9095,0.0005,0.1049,0.0005,0.0005,0.0005,0.0005,0.992,0.0005,0.011
Energy,0.001,0.0005,0.022,0.0005,0.0005,0.0005,0.1089,0.0005,0.063,0.0005,0.0005
Financials,0.0005,0.0005,0.0005,0.0005,0.0005,0.0005,0.0005,0.0005,0.0005,0.0005,0.0015
Health Care,0.0005,0.0005,0.002,0.0005,0.0005,0.0005,0.0005,0.0005,0.0005,0.0005,0.001
Industrials,0.0005,0.4928,0.001,0.7131,0.0005,0.0005,0.0005,0.0015,0.9085,0.0005,0.9395
Information Technology,0.8251,0.0005,0.0005,0.0005,0.0005,0.0005,0.3468,0.0005,0.0075,0.0005,0.0105
Materials,0.0005,0.1209,0.0005,0.0005,0.0005,0.027,0.0005,0.001,0.0005,0.0005,0.3058
Real Estate,0.3403,0.8026,0.0015,0.003,0.059,0.0005,0.0005,0.0005,0.0005,0.0005,0.023
Utilities,0.0005,0.0005,0.0015,0.8876,0.0005,0.0005,0.0005,0.0005,0.0005,0.0005,0.0005
