from_sector,Communication Services,Consumer Discretionary,Consumer Staples,Energy,Financials,Health Care,Industrials,Information Technology,Materials,Real Estate,Utilities
Communication Services,12.712,1.037,0.0,0.0,0.531,0.211,0.405,1.522,0.0,0.402,0.0
Consumer Discretionary,0.778,3.598,2.795,0.148,0.636,0.053,0.739,0.346,0.279,1.774,0.402
Consumer Staples,0.0,0.98,10.553,0.461,0.092,0.563,0.086,0.0,0.745,0.089,0.089
Energy,0.0,0.099,0.263,14.821,0.063,0.0,0.771,0.033,0.091,0.0,3.748
Financials,0.066,0.18,0.055,0.063,5.698,0.09,0.44,0.138,0.051,0.3,0.064
Health Care,0.042,0.07,0.141,0.0,0.158,7.437,0.359,0.211,0.065,0.0,0.0
Industrials,0.124,0.791,0.346,0.652,0.656,0.295,3.467,0.683,0.551,0.201,0.683
Information Technology,0.692,0.288,0.019,0.0,0.166,0.223,0.916,4.949,0.293,0.178,0.201
Materials,0.0,0.359,2.607,1.551,0.358,0.747,1.389,0.479,5.133,0.0,0.309
Real Estate,0.643,0.736,0.045,0.076,1.242,0.027,0.161,0.178,0.0,10.71,0.155
Utilities,0.0,0.067,0.045,1.071,0.021,0.027,0.241,0.0,0.0,0.0,14.94
