sector,n,self_retention,cross_rate,chance,lift
Utilities,31,0.8999999999999999,0.10000000000000009,0.060240963855421686,14.939999999999998
Energy,21,0.5952380952380951,0.4047619047619049,0.040160642570281124,14.82142857142857
Communication Services,20,0.485,0.515,0.03815261044176707,12.712105263157893
Real Estate,31,0.6451612903225805,0.3548387096774195,0.060240963855421686,10.709677419354836
Consumer Staples,36,0.7416666666666667,0.2583333333333333,0.07028112449799197,10.552857142857142
Health Care,59,0.8661016949152541,0.13389830508474587,0.11646586345381527,7.436528345996492
Financials,75,0.8466666666666667,0.15333333333333332,0.14859437751004015,5.697837837837838
Materials,26,0.25769230769230766,0.7423076923076923,0.050200803212851405,5.133230769230769
Information Technology,72,0.7055555555555556,0.2944444444444444,0.142570281124498,4.948826291079813
Consumer Discretionary,48,0.33958333333333335,0.6604166666666667,0.09437751004016064,3.5981382978723406
Industrials,80,0.55,0.44999999999999996,0.15863453815261044,3.467088607594937
