ticker,n_tokens,over_256,n_chunks
MMM,330,True,2
AOS,325,True,2
ABT,417,True,2
ABBV,436,True,3
ACN,309,True,2
ADBE,360,True,2
AMD,505,True,3
AES,272,True,2
AFL,195,False,1
A,347,True,2
APD,176,False,1
ABNB,102,False,1
AKAM,315,True,2
ALB,366,True,2
ARE,140,False,1
ALGN,442,True,2
ALLE,284,True,2
LNT,286,True,2
ALL,249,False,1
GOOGL,244,False,1
MO,135,False,1
AMZN,253,False,1
AMCR,158,False,1
AEE,139,False,1
AEP,173,False,1
AXP,234,False,1
AIG,256,False,1
AMT,219,False,1
AWK,236,False,1
AMP,317,True,2
AME,358,True,2
AMGN,547,True,4
APH,276,True,2
ADI,288,True,2
AON,243,False,1
APA,87,False,1
APO,503,True,3
AAPL,367,True,2
AMAT,181,False,1
APP,172,False,1
APTV,143,False,1
ACGL,240,False,1
ADM,388,True,2
ARES,244,False,1
ANET,274,True,2
AJG,260,True,2
AIZ,171,False,1
T,306,True,2
ATO,177,False,1
ADSK,388,True,2
ADP,206,False,1
AZO,405,True,2
AVB,170,False,1
AVY,358,True,2
AXON,257,True,2
BKR,367,True,2
BALL,96,False,1
BAC,263,True,2
BAX,262,True,2
BDX,416,True,2
BRK.B,367,True,2
BBY,385,True,2
TECH,325,True,2
BIIB,575,True,3
BLK,559,True,3
BX,689,True,4
XYZ,301,True,2
BNY,334,True,2
BA,235,False,1
BKNG,228,False,1
BSX,415,True,2
BMY,502,True,3
AVGO,332,True,2
BR,330,True,2
BRO,262,True,2
BF.B,256,False,1
BLDR,315,True,2
BG,282,True,2
BXP,358,True,2
CHRW,262,True,2
CDNS,394,True,2
CPT,114,False,1
CPB,364,True,2
COF,212,False,1
CAH,338,True,2
CCL,167,False,1
CARR,207,False,1
CVNA,88,False,1
CASY,245,False,1
CAT,371,True,2
CBOE,391,True,2
CBRE,321,True,2
CDW,214,False,1
COR,352,True,2
CNC,203,False,1
CNP,237,False,1
CF,127,False,1
CRL,360,True,2
SCHW,309,True,2
CHTR,268,True,2
CVX,266,True,2
CMG,158,False,1
CB,359,True,2
CHD,424,True,2
CIEN,275,True,2
CI,280,True,2
CINF,327,True,2
CTAS,172,False,1
CSCO,358,True,2
C,350,True,2
CFG,278,True,2
CLX,408,True,2
CME,184,False,1
CMS,265,True,2
KO,315,True,2
CTSH,335,True,2
COHR,250,False,1
COIN,84,False,1
CL,361,True,2
CMCSA,255,False,1
FIX,216,False,1
CAG,217,False,1
COP,155,False,1
ED,246,False,1
STZ,225,False,1
CEG,122,False,1
COO,217,False,1
CPRT,357,True,2
GLW,364,True,2
CPAY,233,False,1
CTVA,218,False,1
CSGP,374,True,2
COST,258,True,2
CRH,341,True,2
CRWD,207,False,1
CCI,94,False,1
CSX,282,True,2
CMI,356,True,2
CVS,349,True,2
DHR,399,True,2
DRI,112,False,1
DDOG,146,False,1
DVA,187,False,1
DECK,186,False,1
DE,381,True,2
DELL,341,True,2
DAL,183,False,1
DVN,97,False,1
DXCM,165,False,1
FANG,117,False,1
DLR,234,False,1
DG,327,True,2
DLTR,133,False,1
D,230,False,1
DPZ,147,False,1
DASH,202,False,1
DOV,358,True,2
DOW,336,True,2
DHI,202,False,1
DTE,353,True,2
DUK,200,False,1
DD,326,True,2
ETN,375,True,3
EBAY,97,False,1
SATS,361,True,2
ECL,262,True,2
EIX,146,False,1
EW,194,False,1
EA,158,False,1
ELV,375,True,2
EME,354,True,2
EMR,379,True,2
ETR,195,False,1
EOG,100,False,1
EQT,117,False,1
EFX,322,True,2
EQIX,95,False,1
EQR,97,False,1
ERIE,95,False,1
ESS,97,False,1
EL,422,True,2
EG,210,False,1
EVRG,94,False,1
ES,135,False,1
EXC,90,False,1
EXE,123,False,1
EXPE,290,True,2
EXPD,236,False,1
EXR,155,False,1
XOM,247,False,1
FFIV,296,True,2
FDS,244,False,1
FICO,361,True,2
FAST,218,False,1
FRT,240,False,1
FDX,302,True,2
FDXF,59,False,1
FIS,125,False,1
FITB,290,True,2
FSLR,152,False,1
FE,139,False,1
F,267,True,2
FTNT,406,True,2
FTV,208,False,1
FOXA,191,False,1
BEN,144,False,1
FCX,160,False,1
GRMN,382,True,2
IT,203,False,1
GE,260,True,2
GEHC,370,True,2
GEV,171,False,1
GEN,141,False,1
GNRC,369,True,2
GD,310,True,2
GIS,416,True,2
GM,176,False,1
GPC,296,True,2
GILD,425,True,2
GPN,184,False,1
GL,180,False,1
GDDY,378,True,2
GS,342,True,2
HAL,342,True,2
HIG,331,True,2
HAS,394,True,2
HCA,186,False,1
DOC,366,True,2
HSIC,328,True,2
HSY,324,True,2
HPE,352,True,2
HLT,269,True,2
HD,381,True,2
HON,316,True,2
HRL,398,True,2
HST,176,False,1
HWM,242,False,1
HPQ,224,False,1
HUBB,318,True,2
HUM,233,False,1
HBAN,353,True,2
HII,241,False,1
IBM,306,True,2
IEX,328,True,2
IDXX,368,True,2
ITW,344,True,2
INCY,494,True,3
IR,407,True,3
PODD,188,False,1
INTC,240,False,1
IBKR,268,True,2
ICE,234,False,1
IFF,349,True,2
IP,124,False,1
INTU,349,True,2
ISRG,217,False,1
IVZ,380,True,2
INVH,384,True,2
IQV,357,True,2
IRM,257,True,2
JBHT,409,True,2
JBL,305,True,2
JKHY,342,True,2
J,121,False,1
JNJ,271,True,2
JCI,168,False,1
JPM,327,True,2
KVUE,362,True,2
KDP,342,True,2
KEY,246,False,1
KEYS,318,True,2
KMB,317,True,2
KIM,225,False,1
KMI,286,True,2
KKR,877,True,4
KLAC,329,True,2
KHC,350,True,2
KR,225,False,1
LHX,237,False,1
LH,390,True,2
LRCX,302,True,2
LVS,128,False,1
LDOS,339,True,2
LEN,193,False,1
LII,420,True,2
LLY,531,True,3
LIN,177,False,1
LYV,324,True,2
LMT,329,True,2
L,347,True,2
LOW,219,False,1
LULU,159,False,1
LITE,157,False,1
LYB,265,True,2
MTB,292,True,2
MPC,344,True,2
MAR,246,False,1
MRSH,180,False,1
MLM,168,False,1
MAS,415,True,3
MA,316,True,2
MKC,324,True,2
MCD,131,False,1
MCK,328,True,2
MDT,403,True,2
MRK,564,True,3
META,409,True,2
MET,314,True,2
MTD,315,True,2
MGM,181,False,1
MCHP,390,True,2
MU,381,True,2
MSFT,362,True,2
MAA,93,False,1
MRNA,289,True,2
TAP,333,True,2
MDLZ,285,True,2
MPWR,202,False,1
MNST,413,True,2
MCO,331,True,2
MS,289,True,2
MOS,358,True,2
MSI,319,True,2
MSCI,361,True,2
NDAQ,363,True,2
NTAP,462,True,3
NFLX,91,False,1
NEM,79,False,1
NWSA,330,True,2
NEE,285,True,2
NKE,312,True,2
NI,246,False,1
NDSN,388,True,2
NSC,225,False,1
NTRS,338,True,2
NOC,349,True,2
NCLH,172,False,1
NRG,271,True,2
NUE,392,True,2
NVDA,194,False,1
NVR,216,False,1
NXPI,205,False,1
ORLY,344,True,2
OXY,149,False,1
ODFL,147,False,1
OMC,254,False,1
ON,212,False,1
OKE,346,True,2
ORCL,329,True,2
OTIS,150,False,1
PCAR,284,True,2
PKG,186,False,1
PLTR,328,True,2
PANW,372,True,2
PSKY,292,True,2
PH,388,True,3
PAYX,340,True,2
PYPL,168,False,1
PNR,414,True,2
PEP,262,True,2
PFE,579,True,4
PCG,154,False,1
PM,83,False,1
PSX,369,True,2
PNW,110,False,1
PNC,342,True,2
POOL,291,True,2
PPG,255,False,1
PPL,157,False,1
PFG,311,True,2
PG,449,True,2
PGR,181,False,1
PLD,337,True,2
PRU,328,True,2
PEG,261,True,2
PTC,386,True,2
PSA,143,False,1
PHM,136,False,1
PWR,335,True,2
QCOM,316,True,2
DGX,351,True,2
Q,240,False,1
RL,395,True,2
RJF,341,True,2
RTX,346,True,2
O,182,False,1
REG,179,False,1
REGN,431,True,2
RF,275,True,2
RSG,164,False,1
RMD,379,True,2
RVTY,505,True,3
HOOD,297,True,2
ROK,269,True,2
ROL,150,False,1
ROP,332,True,2
ROST,96,False,1
RCL,72,False,1
SPGI,352,True,2
CRM,356,True,2
SNDK,178,False,1
SBAC,115,False,1
SLB,359,True,2
STX,230,False,1
SRE,342,True,2
NOW,276,True,2
SHW,287,True,2
SPG,257,True,2
SWKS,282,True,2
SJM,272,True,2
SW,201,False,1
SNA,357,True,2
SOLV,263,True,2
SO,152,False,1
LUV,223,False,1
SWK,418,True,2
SBUX,158,False,1
STT,300,True,2
STLD,380,True,2
STE,372,True,2
SYK,268,True,2
SMCI,358,True,2
SYF,277,True,2
SNPS,242,False,1
SYY,240,False,1
TMUS,231,False,1
TROW,188,False,1
TTWO,335,True,2
TPR,284,True,2
TRGP,241,False,1
TGT,255,False,1
TEL,305,True,2
TDY,345,True,2
TER,292,True,2
TSLA,332,True,2
TXN,287,True,2
TPL,255,False,1
TXT,345,True,2
TMO,359,True,2
TJX,167,False,1
TKO,269,True,2
TTD,131,False,1
TSCO,325,True,2
TT,410,True,2
TDG,364,True,2
TRV,284,True,2
TRMB,363,True,2
TFC,250,False,1
TYL,211,False,1
TSN,348,True,2
USB,271,True,2
UBER,287,True,2
UDR,147,False,1
ULTA,139,False,1
UNP,133,False,1
UAL,188,False,1
UPS,206,False,1
URI,337,True,2
UNH,328,True,2
UHS,157,False,1
VLO,291,True,2
VEEV,372,True,2
VTR,187,False,1
VLTO,287,True,2
VRSN,111,False,1
VRSK,281,True,2
VZ,336,True,2
VRTX,356,True,2
VRT,296,True,2
VTRS,448,True,2
VICI,303,True,2
V,220,False,1
VST,209,False,1
VMC,166,False,1
WRB,355,True,2
GWW,157,False,1
WAB,355,True,2
WMT,393,True,2
DIS,391,True,2
WBD,314,True,2
WM,344,True,2
WAT,255,False,1
WEC,275,True,2
WFC,247,False,1
WELL,205,False,1
WST,318,True,2
WDC,137,False,1
WY,218,False,1
WSM,205,False,1
WMB,319,True,2
WTW,310,True,2
WDAY,296,True,2
WYNN,349,True,2
XEL,227,False,1
XYL,395,True,2
YUM,169,False,1
ZBRA,365,True,2
ZBH,387,True,2
ZTS,253,False,1
