,A_published_502_truncated,B_merged_499_truncated,C_final_499_chunked
N,502.0,499.0,499.0
in_sector_rate,0.6518,0.6517,0.6597
chance_rate,0.1088,0.1096,0.1096
in_sector_lift,5.99,5.95,6.02
offdiag_sig_bh05_of_110,90.0,88.0,91.0
offdiag_sig_bh05_above_chance,7.0,6.0,6.0
all_cells_raw_p_lt_05_of_121,104.0,103.0,103.0
mat_to_ind_lift,1.517,1.508,1.389
mat_to_ind_p_raw,0.000999900009999,0.0017998200179982,0.016298370162983702
mat_to_ind_p_bh,0.001549140860561831,0.00274972502749725,0.019920230199202305
ind_to_mat_lift,0.674,0.67,0.551
ind_to_mat_p_raw,0.10208979102089791,0.0877912208779122,0.028897110288971104
ind_to_mat_p_bh,0.11577192796184299,0.10383907845774562,0.034930572876778254
mat_ind_asym_p_raw,0.00029997000299970003,0.00019998000199980003,0.0006999300069993001
mat_ind_asym_p_bh,0.0032996700329967,0.0018331500183315001,0.005499450054994501
asym_pairs_sig_bh05_of_55,7.0,7.0,8.0
candidates_at_0.6,103.0,103.0,98.0
candidates_at_0.7,86.0,85.0,83.0
candidates_at_0.8,62.0,61.0,57.0
candidates_at_0.9,37.0,36.0,27.0
legacy_test_cells_p_lt_05_of_121,99.0,,
